unq.sample,phageORhost,trt,line,transfer,ancestor,seed.bank,phage_trt,subpop,seq_run,raw_R1,raw_R2,ddup_R1,ddup_R2,ancestor_fasta,ancestor_gff
SNCt-L1-T14,host,SNCt,L1,T14,dspoIIE-ANC,no_seed_bank,noPhage,revived_total,GSF2865,data/input/fastq/host/GSF2865-SNCt-L1-T14-rV_S50_R1_001.fastq.gz,data/input/fastq/host/GSF2865-SNCt-L1-T14-rV_S50_R2_001.fastq.gz,data/ddup-fastq/host/ddup-GSF2865-SNCt-L1-T14-rV_S50_R1_001.fastq.gz,data/ddup-fastq/host/ddup-GSF2865-SNCt-L1-T14-rV_S50_R2_001.fastq.gz,data/dspoIIE-ANC.fa,data/dspoIIE-ANC.gff3
SNCt-L2-T14,host,SNCt,L2,T14,dspoIIE-ANC,no_seed_bank,noPhage,revived_total,GSF2865,data/input/fastq/host/GSF2865-SNCt-L2-T14-rV_S51_R1_001.fastq.gz,data/input/fastq/host/GSF2865-SNCt-L2-T14-rV_S51_R2_001.fastq.gz,data/ddup-fastq/host/ddup-GSF2865-SNCt-L2-T14-rV_S51_R1_001.fastq.gz,data/ddup-fastq/host/ddup-GSF2865-SNCt-L2-T14-rV_S51_R2_001.fastq.gz,data/dspoIIE-ANC.fa,data/dspoIIE-ANC.gff3
SNCt-L3-T14,host,SNCt,L3,T14,dspoIIE-ANC,no_seed_bank,noPhage,revived_total,GSF2865,data/input/fastq/host/GSF2865-SNCt-L3-T14-rV_S52_R1_001.fastq.gz,data/input/fastq/host/GSF2865-SNCt-L3-T14-rV_S52_R2_001.fastq.gz,data/ddup-fastq/host/ddup-GSF2865-SNCt-L3-T14-rV_S52_R1_001.fastq.gz,data/ddup-fastq/host/ddup-GSF2865-SNCt-L3-T14-rV_S52_R2_001.fastq.gz,data/dspoIIE-ANC.fa,data/dspoIIE-ANC.gff3
SNO-L1-T14,host,SNO,L1,T14,dspoIIE-ANC,no_seed_bank,SPO1,revived_total,GSF2865,data/input/fastq/host/GSF2865-SNO-L1-T14-rV_S47_R1_001.fastq.gz,data/input/fastq/host/GSF2865-SNO-L1-T14-rV_S47_R2_001.fastq.gz,data/ddup-fastq/host/ddup-GSF2865-SNO-L1-T14-rV_S47_R1_001.fastq.gz,data/ddup-fastq/host/ddup-GSF2865-SNO-L1-T14-rV_S47_R2_001.fastq.gz,data/dspoIIE-ANC.fa,data/dspoIIE-ANC.gff3
SNO-L2-T14,host,SNO,L2,T14,dspoIIE-ANC,no_seed_bank,SPO1,revived_total,GSF2865,data/input/fastq/host/GSF2865-SNO-L2-T14-rV_S48_R1_001.fastq.gz,data/input/fastq/host/GSF2865-SNO-L2-T14-rV_S48_R2_001.fastq.gz,data/ddup-fastq/host/ddup-GSF2865-SNO-L2-T14-rV_S48_R1_001.fastq.gz,data/ddup-fastq/host/ddup-GSF2865-SNO-L2-T14-rV_S48_R2_001.fastq.gz,data/dspoIIE-ANC.fa,data/dspoIIE-ANC.gff3
SNO-L3-T14,host,SNO,L3,T14,dspoIIE-ANC,no_seed_bank,SPO1,revived_total,GSF2865,data/input/fastq/host/GSF2865-SNO-L3-T14-rV_S49_R1_001.fastq.gz,data/input/fastq/host/GSF2865-SNO-L3-T14-rV_S49_R2_001.fastq.gz,data/ddup-fastq/host/ddup-GSF2865-SNO-L3-T14-rV_S49_R1_001.fastq.gz,data/ddup-fastq/host/ddup-GSF2865-SNO-L3-T14-rV_S49_R2_001.fastq.gz,data/dspoIIE-ANC.fa,data/dspoIIE-ANC.gff3
WLCt-L1-T14,host,WLCt,L1,T14,delta6-ANC,long_seed_bank,noPhage,revived_spore,GSF2865,data/input/fastq/host/GSF2865-WLCt-L1-T14-rS_S32_R1_001.fastq.gz,data/input/fastq/host/GSF2865-WLCt-L1-T14-rS_S32_R2_001.fastq.gz,data/ddup-fastq/host/ddup-GSF2865-WLCt-L1-T14-rS_S32_R1_001.fastq.gz,data/ddup-fastq/host/ddup-GSF2865-WLCt-L1-T14-rS_S32_R2_001.fastq.gz,data/delta6-ANC.fa,data/delta6-ANC.gff3
WLCt-L1-T14,host,WLCt,L1,T14,delta6-ANC,long_seed_bank,noPhage,revived_total,GSF2865,data/input/fastq/host/GSF2865-WLCt-L1-T14-rV_S26_R1_001.fastq.gz,data/input/fastq/host/GSF2865-WLCt-L1-T14-rV_S26_R2_001.fastq.gz,data/ddup-fastq/host/ddup-GSF2865-WLCt-L1-T14-rV_S26_R1_001.fastq.gz,data/ddup-fastq/host/ddup-GSF2865-WLCt-L1-T14-rV_S26_R2_001.fastq.gz,data/delta6-ANC.fa,data/delta6-ANC.gff3
WLCt-L2-T14,host,WLCt,L2,T14,delta6-ANC,long_seed_bank,noPhage,revived_spore,GSF2865,data/input/fastq/host/GSF2865-WLCt-L2-T14-rS_S33_R1_001.fastq.gz,data/input/fastq/host/GSF2865-WLCt-L2-T14-rS_S33_R2_001.fastq.gz,data/ddup-fastq/host/ddup-GSF2865-WLCt-L2-T14-rS_S33_R1_001.fastq.gz,data/ddup-fastq/host/ddup-GSF2865-WLCt-L2-T14-rS_S33_R2_001.fastq.gz,data/delta6-ANC.fa,data/delta6-ANC.gff3
WLCt-L2-T14,host,WLCt,L2,T14,delta6-ANC,long_seed_bank,noPhage,revived_total,GSF2865,data/input/fastq/host/GSF2865-WLCt-L2-T14-rV_S27_R1_001.fastq.gz,data/input/fastq/host/GSF2865-WLCt-L2-T14-rV_S27_R2_001.fastq.gz,data/ddup-fastq/host/ddup-GSF2865-WLCt-L2-T14-rV_S27_R1_001.fastq.gz,data/ddup-fastq/host/ddup-GSF2865-WLCt-L2-T14-rV_S27_R2_001.fastq.gz,data/delta6-ANC.fa,data/delta6-ANC.gff3
WLCt-L3-T14,host,WLCt,L3,T14,delta6-ANC,long_seed_bank,noPhage,revived_spore,GSF2865,data/input/fastq/host/GSF2865-WLCt-L3-T14-rS_S34_R1_001.fastq.gz,data/input/fastq/host/GSF2865-WLCt-L3-T14-rS_S34_R2_001.fastq.gz,data/ddup-fastq/host/ddup-GSF2865-WLCt-L3-T14-rS_S34_R1_001.fastq.gz,data/ddup-fastq/host/ddup-GSF2865-WLCt-L3-T14-rS_S34_R2_001.fastq.gz,data/delta6-ANC.fa,data/delta6-ANC.gff3
WLCt-L3-T14,host,WLCt,L3,T14,delta6-ANC,long_seed_bank,noPhage,revived_total,GSF2865,data/input/fastq/host/GSF2865-WLCt-L3-T14-rV_S28_R1_001.fastq.gz,data/input/fastq/host/GSF2865-WLCt-L3-T14-rV_S28_R2_001.fastq.gz,data/ddup-fastq/host/ddup-GSF2865-WLCt-L3-T14-rV_S28_R1_001.fastq.gz,data/ddup-fastq/host/ddup-GSF2865-WLCt-L3-T14-rV_S28_R2_001.fastq.gz,data/delta6-ANC.fa,data/delta6-ANC.gff3
WLO-L1-T14,host,WLO,L1,T14,delta6-ANC,long_seed_bank,SPO1,revived_spore,GSF2865,data/input/fastq/host/GSF2865-WLO-L1-T14-rS_S29_R1_001.fastq.gz,data/input/fastq/host/GSF2865-WLO-L1-T14-rS_S29_R2_001.fastq.gz,data/ddup-fastq/host/ddup-GSF2865-WLO-L1-T14-rS_S29_R1_001.fastq.gz,data/ddup-fastq/host/ddup-GSF2865-WLO-L1-T14-rS_S29_R2_001.fastq.gz,data/delta6-ANC.fa,data/delta6-ANC.gff3
WLO-L1-T14,host,WLO,L1,T14,delta6-ANC,long_seed_bank,SPO1,revived_total,GSF2865,data/input/fastq/host/GSF2865-WLO-L1-T14-rV_S23_R1_001.fastq.gz,data/input/fastq/host/GSF2865-WLO-L1-T14-rV_S23_R2_001.fastq.gz,data/ddup-fastq/host/ddup-GSF2865-WLO-L1-T14-rV_S23_R1_001.fastq.gz,data/ddup-fastq/host/ddup-GSF2865-WLO-L1-T14-rV_S23_R2_001.fastq.gz,data/delta6-ANC.fa,data/delta6-ANC.gff3
WLO-L2-T14,host,WLO,L2,T14,delta6-ANC,long_seed_bank,SPO1,revived_spore,GSF2865,data/input/fastq/host/GSF2865-WLO-L2-T14-rS_S30_R1_001.fastq.gz,data/input/fastq/host/GSF2865-WLO-L2-T14-rS_S30_R2_001.fastq.gz,data/ddup-fastq/host/ddup-GSF2865-WLO-L2-T14-rS_S30_R1_001.fastq.gz,data/ddup-fastq/host/ddup-GSF2865-WLO-L2-T14-rS_S30_R2_001.fastq.gz,data/delta6-ANC.fa,data/delta6-ANC.gff3
WLO-L2-T14,host,WLO,L2,T14,delta6-ANC,long_seed_bank,SPO1,revived_total,GSF2865,data/input/fastq/host/GSF2865-WLO-L2-T14-rV_S24_R1_001.fastq.gz,data/input/fastq/host/GSF2865-WLO-L2-T14-rV_S24_R2_001.fastq.gz,data/ddup-fastq/host/ddup-GSF2865-WLO-L2-T14-rV_S24_R1_001.fastq.gz,data/ddup-fastq/host/ddup-GSF2865-WLO-L2-T14-rV_S24_R2_001.fastq.gz,data/delta6-ANC.fa,data/delta6-ANC.gff3
WLO-L3-T14,host,WLO,L3,T14,delta6-ANC,long_seed_bank,SPO1,revived_spore,GSF2865,data/input/fastq/host/GSF2865-WLO-L3-T14-rS_S31_R1_001.fastq.gz,data/input/fastq/host/GSF2865-WLO-L3-T14-rS_S31_R2_001.fastq.gz,data/ddup-fastq/host/ddup-GSF2865-WLO-L3-T14-rS_S31_R1_001.fastq.gz,data/ddup-fastq/host/ddup-GSF2865-WLO-L3-T14-rS_S31_R2_001.fastq.gz,data/delta6-ANC.fa,data/delta6-ANC.gff3
WLO-L3-T14,host,WLO,L3,T14,delta6-ANC,long_seed_bank,SPO1,revived_total,GSF2865,data/input/fastq/host/GSF2865-WLO-L3-T14-rV_S25_R1_001.fastq.gz,data/input/fastq/host/GSF2865-WLO-L3-T14-rV_S25_R2_001.fastq.gz,data/ddup-fastq/host/ddup-GSF2865-WLO-L3-T14-rV_S25_R1_001.fastq.gz,data/ddup-fastq/host/ddup-GSF2865-WLO-L3-T14-rV_S25_R2_001.fastq.gz,data/delta6-ANC.fa,data/delta6-ANC.gff3
WSCt-L1-T14,host,WSCt,L1,T14,delta6-ANC,short_seed_bank,noPhage,revived_spore,GSF2865,data/input/fastq/host/GSF2865-WSCt-L1-T14-rS_S44_R1_001.fastq.gz,data/input/fastq/host/GSF2865-WSCt-L1-T14-rS_S44_R2_001.fastq.gz,data/ddup-fastq/host/ddup-GSF2865-WSCt-L1-T14-rS_S44_R1_001.fastq.gz,data/ddup-fastq/host/ddup-GSF2865-WSCt-L1-T14-rS_S44_R2_001.fastq.gz,data/delta6-ANC.fa,data/delta6-ANC.gff3
WSCt-L1-T14,host,WSCt,L1,T14,delta6-ANC,short_seed_bank,noPhage,revived_total,GSF2865,data/input/fastq/host/GSF2865-WSCt-L1-T14-rV_S38_R1_001.fastq.gz,data/input/fastq/host/GSF2865-WSCt-L1-T14-rV_S38_R2_001.fastq.gz,data/ddup-fastq/host/ddup-GSF2865-WSCt-L1-T14-rV_S38_R1_001.fastq.gz,data/ddup-fastq/host/ddup-GSF2865-WSCt-L1-T14-rV_S38_R2_001.fastq.gz,data/delta6-ANC.fa,data/delta6-ANC.gff3
WSCt-L2-T14,host,WSCt,L2,T14,delta6-ANC,short_seed_bank,noPhage,revived_spore,GSF2865,data/input/fastq/host/GSF2865-WSCt-L2-T14-rS_S45_R1_001.fastq.gz,data/input/fastq/host/GSF2865-WSCt-L2-T14-rS_S45_R2_001.fastq.gz,data/ddup-fastq/host/ddup-GSF2865-WSCt-L2-T14-rS_S45_R1_001.fastq.gz,data/ddup-fastq/host/ddup-GSF2865-WSCt-L2-T14-rS_S45_R2_001.fastq.gz,data/delta6-ANC.fa,data/delta6-ANC.gff3
WSCt-L2-T14,host,WSCt,L2,T14,delta6-ANC,short_seed_bank,noPhage,revived_total,GSF2865,data/input/fastq/host/GSF2865-WSCt-L2-T14-rV_S39_R1_001.fastq.gz,data/input/fastq/host/GSF2865-WSCt-L2-T14-rV_S39_R2_001.fastq.gz,data/ddup-fastq/host/ddup-GSF2865-WSCt-L2-T14-rV_S39_R1_001.fastq.gz,data/ddup-fastq/host/ddup-GSF2865-WSCt-L2-T14-rV_S39_R2_001.fastq.gz,data/delta6-ANC.fa,data/delta6-ANC.gff3
WSCt-L3-T14,host,WSCt,L3,T14,delta6-ANC,short_seed_bank,noPhage,revived_spore,GSF2865,data/input/fastq/host/GSF2865-WSCt-L3-T14-rS_S46_R1_001.fastq.gz,data/input/fastq/host/GSF2865-WSCt-L3-T14-rS_S46_R2_001.fastq.gz,data/ddup-fastq/host/ddup-GSF2865-WSCt-L3-T14-rS_S46_R1_001.fastq.gz,data/ddup-fastq/host/ddup-GSF2865-WSCt-L3-T14-rS_S46_R2_001.fastq.gz,data/delta6-ANC.fa,data/delta6-ANC.gff3
WSCt-L3-T14,host,WSCt,L3,T14,delta6-ANC,short_seed_bank,noPhage,revived_total,GSF2865,data/input/fastq/host/GSF2865-WSCt-L3-T14-rV_S40_R1_001.fastq.gz,data/input/fastq/host/GSF2865-WSCt-L3-T14-rV_S40_R2_001.fastq.gz,data/ddup-fastq/host/ddup-GSF2865-WSCt-L3-T14-rV_S40_R1_001.fastq.gz,data/ddup-fastq/host/ddup-GSF2865-WSCt-L3-T14-rV_S40_R2_001.fastq.gz,data/delta6-ANC.fa,data/delta6-ANC.gff3
WSO-L1-T14,host,WSO,L1,T14,delta6-ANC,short_seed_bank,SPO1,revived_spore,GSF2865,data/input/fastq/host/GSF2865-WSO-L1-T14-rS_S41_R1_001.fastq.gz,data/input/fastq/host/GSF2865-WSO-L1-T14-rS_S41_R2_001.fastq.gz,data/ddup-fastq/host/ddup-GSF2865-WSO-L1-T14-rS_S41_R1_001.fastq.gz,data/ddup-fastq/host/ddup-GSF2865-WSO-L1-T14-rS_S41_R2_001.fastq.gz,data/delta6-ANC.fa,data/delta6-ANC.gff3
WSO-L1-T14,host,WSO,L1,T14,delta6-ANC,short_seed_bank,SPO1,revived_total,GSF2865,data/input/fastq/host/GSF2865-WSO-L1-T14-rV_S35_R1_001.fastq.gz,data/input/fastq/host/GSF2865-WSO-L1-T14-rV_S35_R2_001.fastq.gz,data/ddup-fastq/host/ddup-GSF2865-WSO-L1-T14-rV_S35_R1_001.fastq.gz,data/ddup-fastq/host/ddup-GSF2865-WSO-L1-T14-rV_S35_R2_001.fastq.gz,data/delta6-ANC.fa,data/delta6-ANC.gff3
WSO-L2-T14,host,WSO,L2,T14,delta6-ANC,short_seed_bank,SPO1,revived_spore,GSF2865,data/input/fastq/host/GSF2865-WSO-L2-T14-rS_S42_R1_001.fastq.gz,data/input/fastq/host/GSF2865-WSO-L2-T14-rS_S42_R2_001.fastq.gz,data/ddup-fastq/host/ddup-GSF2865-WSO-L2-T14-rS_S42_R1_001.fastq.gz,data/ddup-fastq/host/ddup-GSF2865-WSO-L2-T14-rS_S42_R2_001.fastq.gz,data/delta6-ANC.fa,data/delta6-ANC.gff3
WSO-L2-T14,host,WSO,L2,T14,delta6-ANC,short_seed_bank,SPO1,revived_total,GSF2865,data/input/fastq/host/GSF2865-WSO-L2-T14-rV_S36_R1_001.fastq.gz,data/input/fastq/host/GSF2865-WSO-L2-T14-rV_S36_R2_001.fastq.gz,data/ddup-fastq/host/ddup-GSF2865-WSO-L2-T14-rV_S36_R1_001.fastq.gz,data/ddup-fastq/host/ddup-GSF2865-WSO-L2-T14-rV_S36_R2_001.fastq.gz,data/delta6-ANC.fa,data/delta6-ANC.gff3
WSO-L3-T14,host,WSO,L3,T14,delta6-ANC,short_seed_bank,SPO1,revived_spore,GSF2865,data/input/fastq/host/GSF2865-WSO-L3-T14-rS_S43_R1_001.fastq.gz,data/input/fastq/host/GSF2865-WSO-L3-T14-rS_S43_R2_001.fastq.gz,data/ddup-fastq/host/ddup-GSF2865-WSO-L3-T14-rS_S43_R1_001.fastq.gz,data/ddup-fastq/host/ddup-GSF2865-WSO-L3-T14-rS_S43_R2_001.fastq.gz,data/delta6-ANC.fa,data/delta6-ANC.gff3
WSO-L3-T14,host,WSO,L3,T14,delta6-ANC,short_seed_bank,SPO1,revived_total,GSF2865,data/input/fastq/host/GSF2865-WSO-L3-T14-rV_S37_R1_001.fastq.gz,data/input/fastq/host/GSF2865-WSO-L3-T14-rV_S37_R2_001.fastq.gz,data/ddup-fastq/host/ddup-GSF2865-WSO-L3-T14-rV_S37_R1_001.fastq.gz,data/ddup-fastq/host/ddup-GSF2865-WSO-L3-T14-rV_S37_R2_001.fastq.gz,data/delta6-ANC.fa,data/delta6-ANC.gff3
SNCt-L1-T1,host,SNCt,L1,T1,dspoIIE-ANC,no_seed_bank,noPhage,revived_total,GSF2957,data/input/fastq/host/GSF2957-SNCt-L1-T1-veg_S16_R1_001.fastq.gz,data/input/fastq/host/GSF2957-SNCt-L1-T1-veg_S16_R2_001.fastq.gz,data/ddup-fastq/host/ddup-GSF2957-SNCt-L1-T1-rV_S16_R1_001.fastq.gz,data/ddup-fastq/host/ddup-GSF2957-SNCt-L1-T1-rV_S16_R2_001.fastq.gz,data/dspoIIE-ANC.fa,data/dspoIIE-ANC.gff3
SNCt-L1-T4,host,SNCt,L1,T4,dspoIIE-ANC,no_seed_bank,noPhage,revived_total,GSF2957,data/input/fastq/host/GSF2957-SNCt-L1-T4-veg_S46_R1_001.fastq.gz,data/input/fastq/host/GSF2957-SNCt-L1-T4-veg_S46_R2_001.fastq.gz,data/ddup-fastq/host/ddup-GSF2957-SNCt-L1-T4-rV_S46_R1_001.fastq.gz,data/ddup-fastq/host/ddup-GSF2957-SNCt-L1-T4-rV_S46_R2_001.fastq.gz,data/dspoIIE-ANC.fa,data/dspoIIE-ANC.gff3
SNCt-L2-T1,host,SNCt,L2,T1,dspoIIE-ANC,no_seed_bank,noPhage,revived_total,GSF2957,data/input/fastq/host/GSF2957-SNCt-L2-T1-veg_S17_R1_001.fastq.gz,data/input/fastq/host/GSF2957-SNCt-L2-T1-veg_S17_R2_001.fastq.gz,data/ddup-fastq/host/ddup-GSF2957-SNCt-L2-T1-rV_S17_R1_001.fastq.gz,data/ddup-fastq/host/ddup-GSF2957-SNCt-L2-T1-rV_S17_R2_001.fastq.gz,data/dspoIIE-ANC.fa,data/dspoIIE-ANC.gff3
SNCt-L2-T4,host,SNCt,L2,T4,dspoIIE-ANC,no_seed_bank,noPhage,revived_total,GSF2957,data/input/fastq/host/GSF2957-SNCt-L2-T4-veg_S47_R1_001.fastq.gz,data/input/fastq/host/GSF2957-SNCt-L2-T4-veg_S47_R2_001.fastq.gz,data/ddup-fastq/host/ddup-GSF2957-SNCt-L2-T4-rV_S47_R1_001.fastq.gz,data/ddup-fastq/host/ddup-GSF2957-SNCt-L2-T4-rV_S47_R2_001.fastq.gz,data/dspoIIE-ANC.fa,data/dspoIIE-ANC.gff3
SNCt-L3-T1,host,SNCt,L3,T1,dspoIIE-ANC,no_seed_bank,noPhage,revived_total,GSF2957,data/input/fastq/host/GSF2957-SNCt-L3-T1-veg_S18_R1_001.fastq.gz,data/input/fastq/host/GSF2957-SNCt-L3-T1-veg_S18_R2_001.fastq.gz,data/ddup-fastq/host/ddup-GSF2957-SNCt-L3-T1-rV_S18_R1_001.fastq.gz,data/ddup-fastq/host/ddup-GSF2957-SNCt-L3-T1-rV_S18_R2_001.fastq.gz,data/dspoIIE-ANC.fa,data/dspoIIE-ANC.gff3
SNCt-L3-T4,host,SNCt,L3,T4,dspoIIE-ANC,no_seed_bank,noPhage,revived_total,GSF2957,data/input/fastq/host/GSF2957-SNCt-L3-T4-veg_S48_R1_001.fastq.gz,data/input/fastq/host/GSF2957-SNCt-L3-T4-veg_S48_R2_001.fastq.gz,data/ddup-fastq/host/ddup-GSF2957-SNCt-L3-T4-rV_S48_R1_001.fastq.gz,data/ddup-fastq/host/ddup-GSF2957-SNCt-L3-T4-rV_S48_R2_001.fastq.gz,data/dspoIIE-ANC.fa,data/dspoIIE-ANC.gff3
SNO-L1-T1,host,SNO,L1,T1,dspoIIE-ANC,no_seed_bank,SPO1,revived_total,GSF2957,data/input/fastq/host/GSF2957-SNO-L1-T1-veg_S7_R1_001.fastq.gz,data/input/fastq/host/GSF2957-SNO-L1-T1-veg_S7_R2_001.fastq.gz,data/ddup-fastq/host/ddup-GSF2957-SNO-L1-T1-rV_S7_R1_001.fastq.gz,data/ddup-fastq/host/ddup-GSF2957-SNO-L1-T1-rV_S7_R2_001.fastq.gz,data/dspoIIE-ANC.fa,data/dspoIIE-ANC.gff3
SNO-L1-T4,host,SNO,L1,T4,dspoIIE-ANC,no_seed_bank,SPO1,revived_total,GSF2957,data/input/fastq/host/GSF2957-SNO-L1-T4-veg_S37_R1_001.fastq.gz,data/input/fastq/host/GSF2957-SNO-L1-T4-veg_S37_R2_001.fastq.gz,data/ddup-fastq/host/ddup-GSF2957-SNO-L1-T4-rV_S37_R1_001.fastq.gz,data/ddup-fastq/host/ddup-GSF2957-SNO-L1-T4-rV_S37_R2_001.fastq.gz,data/dspoIIE-ANC.fa,data/dspoIIE-ANC.gff3
SNO-L2-T1,host,SNO,L2,T1,dspoIIE-ANC,no_seed_bank,SPO1,revived_total,GSF2957,data/input/fastq/host/GSF2957-SNO-L2-T1-veg_S8_R1_001.fastq.gz,data/input/fastq/host/GSF2957-SNO-L2-T1-veg_S8_R2_001.fastq.gz,data/ddup-fastq/host/ddup-GSF2957-SNO-L2-T1-rV_S8_R1_001.fastq.gz,data/ddup-fastq/host/ddup-GSF2957-SNO-L2-T1-rV_S8_R2_001.fastq.gz,data/dspoIIE-ANC.fa,data/dspoIIE-ANC.gff3
SNO-L2-T4,host,SNO,L2,T4,dspoIIE-ANC,no_seed_bank,SPO1,revived_total,GSF2957,data/input/fastq/host/GSF2957-SNO-L2-T4-veg_S38_R1_001.fastq.gz,data/input/fastq/host/GSF2957-SNO-L2-T4-veg_S38_R2_001.fastq.gz,data/ddup-fastq/host/ddup-GSF2957-SNO-L2-T4-rV_S38_R1_001.fastq.gz,data/ddup-fastq/host/ddup-GSF2957-SNO-L2-T4-rV_S38_R2_001.fastq.gz,data/dspoIIE-ANC.fa,data/dspoIIE-ANC.gff3
SNO-L3-T1,host,SNO,L3,T1,dspoIIE-ANC,no_seed_bank,SPO1,revived_total,GSF2957,data/input/fastq/host/GSF2957-SNO-L3-T1-veg_S9_R1_001.fastq.gz,data/input/fastq/host/GSF2957-SNO-L3-T1-veg_S9_R2_001.fastq.gz,data/ddup-fastq/host/ddup-GSF2957-SNO-L3-T1-rV_S9_R1_001.fastq.gz,data/ddup-fastq/host/ddup-GSF2957-SNO-L3-T1-rV_S9_R2_001.fastq.gz,data/dspoIIE-ANC.fa,data/dspoIIE-ANC.gff3
SNO-L3-T4,host,SNO,L3,T4,dspoIIE-ANC,no_seed_bank,SPO1,revived_total,GSF2957,data/input/fastq/host/GSF2957-SNO-L3-T4-veg_S39_R1_001.fastq.gz,data/input/fastq/host/GSF2957-SNO-L3-T4-veg_S39_R2_001.fastq.gz,data/ddup-fastq/host/ddup-GSF2957-SNO-L3-T4-rV_S39_R1_001.fastq.gz,data/ddup-fastq/host/ddup-GSF2957-SNO-L3-T4-rV_S39_R2_001.fastq.gz,data/dspoIIE-ANC.fa,data/dspoIIE-ANC.gff3
WLCt-L1-T1,host,WLCt,L1,T1,delta6-ANC,long_seed_bank,noPhage,revived_spore,GSF2957,data/input/fastq/host/GSF2957-WLCt-L1-T1-SB_S25_R1_001.fastq.gz,data/input/fastq/host/GSF2957-WLCt-L1-T1-SB_S25_R2_001.fastq.gz,data/ddup-fastq/host/ddup-GSF2957-WLCt-L1-T1-rS_S25_R1_001.fastq.gz,data/ddup-fastq/host/ddup-GSF2957-WLCt-L1-T1-rS_S25_R2_001.fastq.gz,data/delta6-ANC.fa,data/delta6-ANC.gff3
WLCt-L1-T1,host,WLCt,L1,T1,delta6-ANC,long_seed_bank,noPhage,revived_total,GSF2957,data/input/fastq/host/GSF2957-WLCt-L1-T1-veg_S10_R1_001.fastq.gz,data/input/fastq/host/GSF2957-WLCt-L1-T1-veg_S10_R2_001.fastq.gz,data/ddup-fastq/host/ddup-GSF2957-WLCt-L1-T1-rV_S10_R1_001.fastq.gz,data/ddup-fastq/host/ddup-GSF2957-WLCt-L1-T1-rV_S10_R2_001.fastq.gz,data/delta6-ANC.fa,data/delta6-ANC.gff3
WLCt-L1-T4,host,WLCt,L1,T4,delta6-ANC,long_seed_bank,noPhage,revived_spore,GSF2957,data/input/fastq/host/GSF2957-WLCt-L1-T4-SB_S55_R1_001.fastq.gz,data/input/fastq/host/GSF2957-WLCt-L1-T4-SB_S55_R2_001.fastq.gz,data/ddup-fastq/host/ddup-GSF2957-WLCt-L1-T4-rS_S55_R1_001.fastq.gz,data/ddup-fastq/host/ddup-GSF2957-WLCt-L1-T4-rS_S55_R2_001.fastq.gz,data/delta6-ANC.fa,data/delta6-ANC.gff3
WLCt-L1-T4,host,WLCt,L1,T4,delta6-ANC,long_seed_bank,noPhage,revived_total,GSF2957,data/input/fastq/host/GSF2957-WLCt-L1-T4-veg_S40_R1_001.fastq.gz,data/input/fastq/host/GSF2957-WLCt-L1-T4-veg_S40_R2_001.fastq.gz,data/ddup-fastq/host/ddup-GSF2957-WLCt-L1-T4-rV_S40_R1_001.fastq.gz,data/ddup-fastq/host/ddup-GSF2957-WLCt-L1-T4-rV_S40_R2_001.fastq.gz,data/delta6-ANC.fa,data/delta6-ANC.gff3
WLCt-L2-T1,host,WLCt,L2,T1,delta6-ANC,long_seed_bank,noPhage,revived_spore,GSF2957,data/input/fastq/host/GSF2957-WLCt-L2-T1-SB_S26_R1_001.fastq.gz,data/input/fastq/host/GSF2957-WLCt-L2-T1-SB_S26_R2_001.fastq.gz,data/ddup-fastq/host/ddup-GSF2957-WLCt-L2-T1-rS_S26_R1_001.fastq.gz,data/ddup-fastq/host/ddup-GSF2957-WLCt-L2-T1-rS_S26_R2_001.fastq.gz,data/delta6-ANC.fa,data/delta6-ANC.gff3
WLCt-L2-T1,host,WLCt,L2,T1,delta6-ANC,long_seed_bank,noPhage,revived_total,GSF2957,data/input/fastq/host/GSF2957-WLCt-L2-T1-veg_S11_R1_001.fastq.gz,data/input/fastq/host/GSF2957-WLCt-L2-T1-veg_S11_R2_001.fastq.gz,data/ddup-fastq/host/ddup-GSF2957-WLCt-L2-T1-rV_S11_R1_001.fastq.gz,data/ddup-fastq/host/ddup-GSF2957-WLCt-L2-T1-rV_S11_R2_001.fastq.gz,data/delta6-ANC.fa,data/delta6-ANC.gff3
WLCt-L2-T4,host,WLCt,L2,T4,delta6-ANC,long_seed_bank,noPhage,revived_spore,GSF2957,data/input/fastq/host/GSF2957-WLCt-L2-T4-SB_S56_R1_001.fastq.gz,data/input/fastq/host/GSF2957-WLCt-L2-T4-SB_S56_R2_001.fastq.gz,data/ddup-fastq/host/ddup-GSF2957-WLCt-L2-T4-rS_S56_R1_001.fastq.gz,data/ddup-fastq/host/ddup-GSF2957-WLCt-L2-T4-rS_S56_R2_001.fastq.gz,data/delta6-ANC.fa,data/delta6-ANC.gff3
WLCt-L2-T4,host,WLCt,L2,T4,delta6-ANC,long_seed_bank,noPhage,revived_total,GSF2957,data/input/fastq/host/GSF2957-WLCt-L2-T4-veg_S41_R1_001.fastq.gz,data/input/fastq/host/GSF2957-WLCt-L2-T4-veg_S41_R2_001.fastq.gz,data/ddup-fastq/host/ddup-GSF2957-WLCt-L2-T4-rV_S41_R1_001.fastq.gz,data/ddup-fastq/host/ddup-GSF2957-WLCt-L2-T4-rV_S41_R2_001.fastq.gz,data/delta6-ANC.fa,data/delta6-ANC.gff3
WLCt-L3-T1,host,WLCt,L3,T1,delta6-ANC,long_seed_bank,noPhage,revived_spore,GSF2957,data/input/fastq/host/GSF2957-WLCt-L3-T1-SB_S27_R1_001.fastq.gz,data/input/fastq/host/GSF2957-WLCt-L3-T1-SB_S27_R2_001.fastq.gz,data/ddup-fastq/host/ddup-GSF2957-WLCt-L3-T1-rS_S27_R1_001.fastq.gz,data/ddup-fastq/host/ddup-GSF2957-WLCt-L3-T1-rS_S27_R2_001.fastq.gz,data/delta6-ANC.fa,data/delta6-ANC.gff3
WLCt-L3-T1,host,WLCt,L3,T1,delta6-ANC,long_seed_bank,noPhage,revived_total,GSF2957,data/input/fastq/host/GSF2957-WLCt-L3-T1-veg_S12_R1_001.fastq.gz,data/input/fastq/host/GSF2957-WLCt-L3-T1-veg_S12_R2_001.fastq.gz,data/ddup-fastq/host/ddup-GSF2957-WLCt-L3-T1-rV_S12_R1_001.fastq.gz,data/ddup-fastq/host/ddup-GSF2957-WLCt-L3-T1-rV_S12_R2_001.fastq.gz,data/delta6-ANC.fa,data/delta6-ANC.gff3
WLCt-L3-T4,host,WLCt,L3,T4,delta6-ANC,long_seed_bank,noPhage,revived_spore,GSF2957,data/input/fastq/host/GSF2957-WLCt-L3-T4-SB_S57_R1_001.fastq.gz,data/input/fastq/host/GSF2957-WLCt-L3-T4-SB_S57_R2_001.fastq.gz,data/ddup-fastq/host/ddup-GSF2957-WLCt-L3-T4-rS_S57_R1_001.fastq.gz,data/ddup-fastq/host/ddup-GSF2957-WLCt-L3-T4-rS_S57_R2_001.fastq.gz,data/delta6-ANC.fa,data/delta6-ANC.gff3
WLCt-L3-T4,host,WLCt,L3,T4,delta6-ANC,long_seed_bank,noPhage,revived_total,GSF2957,data/input/fastq/host/GSF2957-WLCt-L3-T4-veg_S42_R1_001.fastq.gz,data/input/fastq/host/GSF2957-WLCt-L3-T4-veg_S42_R2_001.fastq.gz,data/ddup-fastq/host/ddup-GSF2957-WLCt-L3-T4-rV_S42_R1_001.fastq.gz,data/ddup-fastq/host/ddup-GSF2957-WLCt-L3-T4-rV_S42_R2_001.fastq.gz,data/delta6-ANC.fa,data/delta6-ANC.gff3
WLO-L1-T1,host,WLO,L1,T1,delta6-ANC,long_seed_bank,SPO1,revived_spore,GSF2957,data/input/fastq/host/GSF2957-WLO-L1-T1-SB_S19_R1_001.fastq.gz,data/input/fastq/host/GSF2957-WLO-L1-T1-SB_S19_R2_001.fastq.gz,data/ddup-fastq/host/ddup-GSF2957-WLO-L1-T1-rS_S19_R1_001.fastq.gz,data/ddup-fastq/host/ddup-GSF2957-WLO-L1-T1-rS_S19_R2_001.fastq.gz,data/delta6-ANC.fa,data/delta6-ANC.gff3
WLO-L1-T1,host,WLO,L1,T1,delta6-ANC,long_seed_bank,SPO1,revived_total,GSF2957,data/input/fastq/host/GSF2957-WLO-L1-T1-veg_S1_R1_001.fastq.gz,data/input/fastq/host/GSF2957-WLO-L1-T1-veg_S1_R2_001.fastq.gz,data/ddup-fastq/host/ddup-GSF2957-WLO-L1-T1-rV_S1_R1_001.fastq.gz,data/ddup-fastq/host/ddup-GSF2957-WLO-L1-T1-rV_S1_R2_001.fastq.gz,data/delta6-ANC.fa,data/delta6-ANC.gff3
WLO-L1-T4,host,WLO,L1,T4,delta6-ANC,long_seed_bank,SPO1,revived_spore,GSF2957,data/input/fastq/host/GSF2957-WLO-L1-T4-SB_S49_R1_001.fastq.gz,data/input/fastq/host/GSF2957-WLO-L1-T4-SB_S49_R2_001.fastq.gz,data/ddup-fastq/host/ddup-GSF2957-WLO-L1-T4-rS_S49_R1_001.fastq.gz,data/ddup-fastq/host/ddup-GSF2957-WLO-L1-T4-rS_S49_R2_001.fastq.gz,data/delta6-ANC.fa,data/delta6-ANC.gff3
WLO-L1-T4,host,WLO,L1,T4,delta6-ANC,long_seed_bank,SPO1,revived_total,GSF2957,data/input/fastq/host/GSF2957-WLO-L1-T4-veg_S31_R1_001.fastq.gz,data/input/fastq/host/GSF2957-WLO-L1-T4-veg_S31_R2_001.fastq.gz,data/ddup-fastq/host/ddup-GSF2957-WLO-L1-T4-rV_S31_R1_001.fastq.gz,data/ddup-fastq/host/ddup-GSF2957-WLO-L1-T4-rV_S31_R2_001.fastq.gz,data/delta6-ANC.fa,data/delta6-ANC.gff3
WLO-L2-T1,host,WLO,L2,T1,delta6-ANC,long_seed_bank,SPO1,revived_spore,GSF2957,data/input/fastq/host/GSF2957-WLO-L2-T1-SB_S20_R1_001.fastq.gz,data/input/fastq/host/GSF2957-WLO-L2-T1-SB_S20_R2_001.fastq.gz,data/ddup-fastq/host/ddup-GSF2957-WLO-L2-T1-rS_S20_R1_001.fastq.gz,data/ddup-fastq/host/ddup-GSF2957-WLO-L2-T1-rS_S20_R2_001.fastq.gz,data/delta6-ANC.fa,data/delta6-ANC.gff3
WLO-L2-T1,host,WLO,L2,T1,delta6-ANC,long_seed_bank,SPO1,revived_total,GSF2957,data/input/fastq/host/GSF2957-WLO-L2-T1-veg_S2_R1_001.fastq.gz,data/input/fastq/host/GSF2957-WLO-L2-T1-veg_S2_R2_001.fastq.gz,data/ddup-fastq/host/ddup-GSF2957-WLO-L2-T1-rV_S2_R1_001.fastq.gz,data/ddup-fastq/host/ddup-GSF2957-WLO-L2-T1-rV_S2_R2_001.fastq.gz,data/delta6-ANC.fa,data/delta6-ANC.gff3
WLO-L2-T4,host,WLO,L2,T4,delta6-ANC,long_seed_bank,SPO1,revived_spore,GSF2957,data/input/fastq/host/GSF2957-WLO-L2-T4-SB_S50_R1_001.fastq.gz,data/input/fastq/host/GSF2957-WLO-L2-T4-SB_S50_R2_001.fastq.gz,data/ddup-fastq/host/ddup-GSF2957-WLO-L2-T4-rS_S50_R1_001.fastq.gz,data/ddup-fastq/host/ddup-GSF2957-WLO-L2-T4-rS_S50_R2_001.fastq.gz,data/delta6-ANC.fa,data/delta6-ANC.gff3
WLO-L2-T4,host,WLO,L2,T4,delta6-ANC,long_seed_bank,SPO1,revived_total,GSF2957,data/input/fastq/host/GSF2957-WLO-L2-T4-veg_S32_R1_001.fastq.gz,data/input/fastq/host/GSF2957-WLO-L2-T4-veg_S32_R2_001.fastq.gz,data/ddup-fastq/host/ddup-GSF2957-WLO-L2-T4-rV_S32_R1_001.fastq.gz,data/ddup-fastq/host/ddup-GSF2957-WLO-L2-T4-rV_S32_R2_001.fastq.gz,data/delta6-ANC.fa,data/delta6-ANC.gff3
WLO-L3-T1,host,WLO,L3,T1,delta6-ANC,long_seed_bank,SPO1,revived_spore,GSF2957,data/input/fastq/host/GSF2957-WLO-L3-T1-SB_S21_R1_001.fastq.gz,data/input/fastq/host/GSF2957-WLO-L3-T1-SB_S21_R2_001.fastq.gz,data/ddup-fastq/host/ddup-GSF2957-WLO-L3-T1-rS_S21_R1_001.fastq.gz,data/ddup-fastq/host/ddup-GSF2957-WLO-L3-T1-rS_S21_R2_001.fastq.gz,data/delta6-ANC.fa,data/delta6-ANC.gff3
WLO-L3-T1,host,WLO,L3,T1,delta6-ANC,long_seed_bank,SPO1,revived_total,GSF2957,data/input/fastq/host/GSF2957-WLO-L3-T1-veg_S3_R1_001.fastq.gz,data/input/fastq/host/GSF2957-WLO-L3-T1-veg_S3_R2_001.fastq.gz,data/ddup-fastq/host/ddup-GSF2957-WLO-L3-T1-rV_S3_R1_001.fastq.gz,data/ddup-fastq/host/ddup-GSF2957-WLO-L3-T1-rV_S3_R2_001.fastq.gz,data/delta6-ANC.fa,data/delta6-ANC.gff3
WLO-L3-T4,host,WLO,L3,T4,delta6-ANC,long_seed_bank,SPO1,revived_spore,GSF2957,data/input/fastq/host/GSF2957-WLO-L3-T4-SB_S51_R1_001.fastq.gz,data/input/fastq/host/GSF2957-WLO-L3-T4-SB_S51_R2_001.fastq.gz,data/ddup-fastq/host/ddup-GSF2957-WLO-L3-T4-rS_S51_R1_001.fastq.gz,data/ddup-fastq/host/ddup-GSF2957-WLO-L3-T4-rS_S51_R2_001.fastq.gz,data/delta6-ANC.fa,data/delta6-ANC.gff3
WLO-L3-T4,host,WLO,L3,T4,delta6-ANC,long_seed_bank,SPO1,revived_total,GSF2957,data/input/fastq/host/GSF2957-WLO-L3-T4-veg_S33_R1_001.fastq.gz,data/input/fastq/host/GSF2957-WLO-L3-T4-veg_S33_R2_001.fastq.gz,data/ddup-fastq/host/ddup-GSF2957-WLO-L3-T4-rV_S33_R1_001.fastq.gz,data/ddup-fastq/host/ddup-GSF2957-WLO-L3-T4-rV_S33_R2_001.fastq.gz,data/delta6-ANC.fa,data/delta6-ANC.gff3
WSCt-L1-T1,host,WSCt,L1,T1,delta6-ANC,short_seed_bank,noPhage,revived_spore,GSF2957,data/input/fastq/host/GSF2957-WSCt-L1-T1-SB_S28_R1_001.fastq.gz,data/input/fastq/host/GSF2957-WSCt-L1-T1-SB_S28_R2_001.fastq.gz,data/ddup-fastq/host/ddup-GSF2957-WSCt-L1-T1-rS_S28_R1_001.fastq.gz,data/ddup-fastq/host/ddup-GSF2957-WSCt-L1-T1-rS_S28_R2_001.fastq.gz,data/delta6-ANC.fa,data/delta6-ANC.gff3
WSCt-L1-T1,host,WSCt,L1,T1,delta6-ANC,short_seed_bank,noPhage,revived_total,GSF2957,data/input/fastq/host/GSF2957-WSCt-L1-T1-veg_S13_R1_001.fastq.gz,data/input/fastq/host/GSF2957-WSCt-L1-T1-veg_S13_R2_001.fastq.gz,data/ddup-fastq/host/ddup-GSF2957-WSCt-L1-T1-rV_S13_R1_001.fastq.gz,data/ddup-fastq/host/ddup-GSF2957-WSCt-L1-T1-rV_S13_R2_001.fastq.gz,data/delta6-ANC.fa,data/delta6-ANC.gff3
WSCt-L1-T4,host,WSCt,L1,T4,delta6-ANC,short_seed_bank,noPhage,revived_spore,GSF2957,data/input/fastq/host/GSF2957-WSCt-L1-T4-SB_S58_R1_001.fastq.gz,data/input/fastq/host/GSF2957-WSCt-L1-T4-SB_S58_R2_001.fastq.gz,data/ddup-fastq/host/ddup-GSF2957-WSCt-L1-T4-rS_S58_R1_001.fastq.gz,data/ddup-fastq/host/ddup-GSF2957-WSCt-L1-T4-rS_S58_R2_001.fastq.gz,data/delta6-ANC.fa,data/delta6-ANC.gff3
WSCt-L1-T4,host,WSCt,L1,T4,delta6-ANC,short_seed_bank,noPhage,revived_total,GSF2957,data/input/fastq/host/GSF2957-WSCt-L1-T4-veg_S43_R1_001.fastq.gz,data/input/fastq/host/GSF2957-WSCt-L1-T4-veg_S43_R2_001.fastq.gz,data/ddup-fastq/host/ddup-GSF2957-WSCt-L1-T4-rV_S43_R1_001.fastq.gz,data/ddup-fastq/host/ddup-GSF2957-WSCt-L1-T4-rV_S43_R2_001.fastq.gz,data/delta6-ANC.fa,data/delta6-ANC.gff3
WSCt-L2-T1,host,WSCt,L2,T1,delta6-ANC,short_seed_bank,noPhage,revived_spore,GSF2957,data/input/fastq/host/GSF2957-WSCt-L2-T1-SB_S29_R1_001.fastq.gz,data/input/fastq/host/GSF2957-WSCt-L2-T1-SB_S29_R2_001.fastq.gz,data/ddup-fastq/host/ddup-GSF2957-WSCt-L2-T1-rS_S29_R1_001.fastq.gz,data/ddup-fastq/host/ddup-GSF2957-WSCt-L2-T1-rS_S29_R2_001.fastq.gz,data/delta6-ANC.fa,data/delta6-ANC.gff3
WSCt-L2-T1,host,WSCt,L2,T1,delta6-ANC,short_seed_bank,noPhage,revived_total,GSF2957,data/input/fastq/host/GSF2957-WSCt-L2-T1-veg_S14_R1_001.fastq.gz,data/input/fastq/host/GSF2957-WSCt-L2-T1-veg_S14_R2_001.fastq.gz,data/ddup-fastq/host/ddup-GSF2957-WSCt-L2-T1-rV_S14_R1_001.fastq.gz,data/ddup-fastq/host/ddup-GSF2957-WSCt-L2-T1-rV_S14_R2_001.fastq.gz,data/delta6-ANC.fa,data/delta6-ANC.gff3
WSCt-L2-T4,host,WSCt,L2,T4,delta6-ANC,short_seed_bank,noPhage,revived_spore,GSF2957,data/input/fastq/host/GSF2957-WSCt-L2-T4-SB_S59_R1_001.fastq.gz,data/input/fastq/host/GSF2957-WSCt-L2-T4-SB_S59_R2_001.fastq.gz,data/ddup-fastq/host/ddup-GSF2957-WSCt-L2-T4-rS_S59_R1_001.fastq.gz,data/ddup-fastq/host/ddup-GSF2957-WSCt-L2-T4-rS_S59_R2_001.fastq.gz,data/delta6-ANC.fa,data/delta6-ANC.gff3
WSCt-L2-T4,host,WSCt,L2,T4,delta6-ANC,short_seed_bank,noPhage,revived_total,GSF2957,data/input/fastq/host/GSF2957-WSCt-L2-T4-veg_S44_R1_001.fastq.gz,data/input/fastq/host/GSF2957-WSCt-L2-T4-veg_S44_R2_001.fastq.gz,data/ddup-fastq/host/ddup-GSF2957-WSCt-L2-T4-rV_S44_R1_001.fastq.gz,data/ddup-fastq/host/ddup-GSF2957-WSCt-L2-T4-rV_S44_R2_001.fastq.gz,data/delta6-ANC.fa,data/delta6-ANC.gff3
WSCt-L3-T1,host,WSCt,L3,T1,delta6-ANC,short_seed_bank,noPhage,revived_spore,GSF2957,data/input/fastq/host/GSF2957-WSCt-L3-T1-SB_S30_R1_001.fastq.gz,data/input/fastq/host/GSF2957-WSCt-L3-T1-SB_S30_R2_001.fastq.gz,data/ddup-fastq/host/ddup-GSF2957-WSCt-L3-T1-rS_S30_R1_001.fastq.gz,data/ddup-fastq/host/ddup-GSF2957-WSCt-L3-T1-rS_S30_R2_001.fastq.gz,data/delta6-ANC.fa,data/delta6-ANC.gff3
WSCt-L3-T1,host,WSCt,L3,T1,delta6-ANC,short_seed_bank,noPhage,revived_total,GSF2957,data/input/fastq/host/GSF2957-WSCt-L3-T1-veg_S15_R1_001.fastq.gz,data/input/fastq/host/GSF2957-WSCt-L3-T1-veg_S15_R2_001.fastq.gz,data/ddup-fastq/host/ddup-GSF2957-WSCt-L3-T1-rV_S15_R1_001.fastq.gz,data/ddup-fastq/host/ddup-GSF2957-WSCt-L3-T1-rV_S15_R2_001.fastq.gz,data/delta6-ANC.fa,data/delta6-ANC.gff3
WSCt-L3-T4,host,WSCt,L3,T4,delta6-ANC,short_seed_bank,noPhage,revived_spore,GSF2957,data/input/fastq/host/GSF2957-WSCt-L3-T4-SB_S60_R1_001.fastq.gz,data/input/fastq/host/GSF2957-WSCt-L3-T4-SB_S60_R2_001.fastq.gz,data/ddup-fastq/host/ddup-GSF2957-WSCt-L3-T4-rS_S60_R1_001.fastq.gz,data/ddup-fastq/host/ddup-GSF2957-WSCt-L3-T4-rS_S60_R2_001.fastq.gz,data/delta6-ANC.fa,data/delta6-ANC.gff3
WSCt-L3-T4,host,WSCt,L3,T4,delta6-ANC,short_seed_bank,noPhage,revived_total,GSF2957,data/input/fastq/host/GSF2957-WSCt-L3-T4-veg_S45_R1_001.fastq.gz,data/input/fastq/host/GSF2957-WSCt-L3-T4-veg_S45_R2_001.fastq.gz,data/ddup-fastq/host/ddup-GSF2957-WSCt-L3-T4-rV_S45_R1_001.fastq.gz,data/ddup-fastq/host/ddup-GSF2957-WSCt-L3-T4-rV_S45_R2_001.fastq.gz,data/delta6-ANC.fa,data/delta6-ANC.gff3
WSO-L1-T1,host,WSO,L1,T1,delta6-ANC,short_seed_bank,SPO1,revived_spore,GSF2957,data/input/fastq/host/GSF2957-WSO-L1-T1-SB_S22_R1_001.fastq.gz,data/input/fastq/host/GSF2957-WSO-L1-T1-SB_S22_R2_001.fastq.gz,data/ddup-fastq/host/ddup-GSF2957-WSO-L1-T1-rS_S22_R1_001.fastq.gz,data/ddup-fastq/host/ddup-GSF2957-WSO-L1-T1-rS_S22_R2_001.fastq.gz,data/delta6-ANC.fa,data/delta6-ANC.gff3
WSO-L1-T1,host,WSO,L1,T1,delta6-ANC,short_seed_bank,SPO1,revived_total,GSF2957,data/input/fastq/host/GSF2957-WSO-L1-T1-veg_S4_R1_001.fastq.gz,data/input/fastq/host/GSF2957-WSO-L1-T1-veg_S4_R2_001.fastq.gz,data/ddup-fastq/host/ddup-GSF2957-WSO-L1-T1-rV_S4_R1_001.fastq.gz,data/ddup-fastq/host/ddup-GSF2957-WSO-L1-T1-rV_S4_R2_001.fastq.gz,data/delta6-ANC.fa,data/delta6-ANC.gff3
WSO-L1-T4,host,WSO,L1,T4,delta6-ANC,short_seed_bank,SPO1,revived_spore,GSF2957,data/input/fastq/host/GSF2957-WSO-L1-T4-SB_S52_R1_001.fastq.gz,data/input/fastq/host/GSF2957-WSO-L1-T4-SB_S52_R2_001.fastq.gz,data/ddup-fastq/host/ddup-GSF2957-WSO-L1-T4-rS_S52_R1_001.fastq.gz,data/ddup-fastq/host/ddup-GSF2957-WSO-L1-T4-rS_S52_R2_001.fastq.gz,data/delta6-ANC.fa,data/delta6-ANC.gff3
WSO-L1-T4,host,WSO,L1,T4,delta6-ANC,short_seed_bank,SPO1,revived_total,GSF2957,data/input/fastq/host/GSF2957-WSO-L1-T4-veg_S34_R1_001.fastq.gz,data/input/fastq/host/GSF2957-WSO-L1-T4-veg_S34_R2_001.fastq.gz,data/ddup-fastq/host/ddup-GSF2957-WSO-L1-T4-rV_S34_R1_001.fastq.gz,data/ddup-fastq/host/ddup-GSF2957-WSO-L1-T4-rV_S34_R2_001.fastq.gz,data/delta6-ANC.fa,data/delta6-ANC.gff3
WSO-L2-T1,host,WSO,L2,T1,delta6-ANC,short_seed_bank,SPO1,revived_spore,GSF2957,data/input/fastq/host/GSF2957-WSO-L2-T1-SB_S23_R1_001.fastq.gz,data/input/fastq/host/GSF2957-WSO-L2-T1-SB_S23_R2_001.fastq.gz,data/ddup-fastq/host/ddup-GSF2957-WSO-L2-T1-rS_S23_R1_001.fastq.gz,data/ddup-fastq/host/ddup-GSF2957-WSO-L2-T1-rS_S23_R2_001.fastq.gz,data/delta6-ANC.fa,data/delta6-ANC.gff3
WSO-L2-T1,host,WSO,L2,T1,delta6-ANC,short_seed_bank,SPO1,revived_total,GSF2957,data/input/fastq/host/GSF2957-WSO-L2-T1-veg_S5_R1_001.fastq.gz,data/input/fastq/host/GSF2957-WSO-L2-T1-veg_S5_R2_001.fastq.gz,data/ddup-fastq/host/ddup-GSF2957-WSO-L2-T1-rV_S5_R1_001.fastq.gz,data/ddup-fastq/host/ddup-GSF2957-WSO-L2-T1-rV_S5_R2_001.fastq.gz,data/delta6-ANC.fa,data/delta6-ANC.gff3
WSO-L2-T4,host,WSO,L2,T4,delta6-ANC,short_seed_bank,SPO1,revived_spore,GSF2957,data/input/fastq/host/GSF2957-WSO-L2-T4-SB_S53_R1_001.fastq.gz,data/input/fastq/host/GSF2957-WSO-L2-T4-SB_S53_R2_001.fastq.gz,data/ddup-fastq/host/ddup-GSF2957-WSO-L2-T4-rS_S53_R1_001.fastq.gz,data/ddup-fastq/host/ddup-GSF2957-WSO-L2-T4-rS_S53_R2_001.fastq.gz,data/delta6-ANC.fa,data/delta6-ANC.gff3
WSO-L2-T4,host,WSO,L2,T4,delta6-ANC,short_seed_bank,SPO1,revived_total,GSF2957,data/input/fastq/host/GSF2957-WSO-L2-T4-veg_S35_R1_001.fastq.gz,data/input/fastq/host/GSF2957-WSO-L2-T4-veg_S35_R2_001.fastq.gz,data/ddup-fastq/host/ddup-GSF2957-WSO-L2-T4-rV_S35_R1_001.fastq.gz,data/ddup-fastq/host/ddup-GSF2957-WSO-L2-T4-rV_S35_R2_001.fastq.gz,data/delta6-ANC.fa,data/delta6-ANC.gff3
WSO-L3-T1,host,WSO,L3,T1,delta6-ANC,short_seed_bank,SPO1,revived_spore,GSF2957,data/input/fastq/host/GSF2957-WSO-L3-T1-SB_S24_R1_001.fastq.gz,data/input/fastq/host/GSF2957-WSO-L3-T1-SB_S24_R2_001.fastq.gz,data/ddup-fastq/host/ddup-GSF2957-WSO-L3-T1-rS_S24_R1_001.fastq.gz,data/ddup-fastq/host/ddup-GSF2957-WSO-L3-T1-rS_S24_R2_001.fastq.gz,data/delta6-ANC.fa,data/delta6-ANC.gff3
WSO-L3-T1,host,WSO,L3,T1,delta6-ANC,short_seed_bank,SPO1,revived_total,GSF2957,data/input/fastq/host/GSF2957-WSO-L3-T1-veg_S6_R1_001.fastq.gz,data/input/fastq/host/GSF2957-WSO-L3-T1-veg_S6_R2_001.fastq.gz,data/ddup-fastq/host/ddup-GSF2957-WSO-L3-T1-rV_S6_R1_001.fastq.gz,data/ddup-fastq/host/ddup-GSF2957-WSO-L3-T1-rV_S6_R2_001.fastq.gz,data/delta6-ANC.fa,data/delta6-ANC.gff3
WSO-L3-T4,host,WSO,L3,T4,delta6-ANC,short_seed_bank,SPO1,revived_spore,GSF2957,data/input/fastq/host/GSF2957-WSO-L3-T4-SB_S54_R1_001.fastq.gz,data/input/fastq/host/GSF2957-WSO-L3-T4-SB_S54_R2_001.fastq.gz,data/ddup-fastq/host/ddup-GSF2957-WSO-L3-T4-rS_S54_R1_001.fastq.gz,data/ddup-fastq/host/ddup-GSF2957-WSO-L3-T4-rS_S54_R2_001.fastq.gz,data/delta6-ANC.fa,data/delta6-ANC.gff3
WSO-L3-T4,host,WSO,L3,T4,delta6-ANC,short_seed_bank,SPO1,revived_total,GSF2957,data/input/fastq/host/GSF2957-WSO-L3-T4-veg_S36_R1_001.fastq.gz,data/input/fastq/host/GSF2957-WSO-L3-T4-veg_S36_R2_001.fastq.gz,data/ddup-fastq/host/ddup-GSF2957-WSO-L3-T4-rV_S36_R1_001.fastq.gz,data/ddup-fastq/host/ddup-GSF2957-WSO-L3-T4-rV_S36_R2_001.fastq.gz,data/delta6-ANC.fa,data/delta6-ANC.gff3
SNCt-L1-T10,host,SNCt,L1,T10,dspoIIE-ANC,no_seed_bank,noPhage,revived_total,GSF3121,data/input/fastq/host/GSF3121-SNCt-L1-T10-veg_S46_R1_001.fastq.gz,data/input/fastq/host/GSF3121-SNCt-L1-T10-veg_S46_R2_001.fastq.gz,data/ddup-fastq/host/ddup-GSF3121-SNCt-L1-T10-rV_S46_R1_001.fastq.gz,data/ddup-fastq/host/ddup-GSF3121-SNCt-L1-T10-rV_S46_R2_001.fastq.gz,data/dspoIIE-ANC.fa,data/dspoIIE-ANC.gff3
SNCt-L1-T7,host,SNCt,L1,T7,dspoIIE-ANC,no_seed_bank,noPhage,revived_total,GSF3121,data/input/fastq/host/GSF3121-SNCt-L1-T7-veg_S16_R1_001.fastq.gz,data/input/fastq/host/GSF3121-SNCt-L1-T7-veg_S16_R2_001.fastq.gz,data/ddup-fastq/host/ddup-GSF3121-SNCt-L1-T7-rV_S16_R1_001.fastq.gz,data/ddup-fastq/host/ddup-GSF3121-SNCt-L1-T7-rV_S16_R2_001.fastq.gz,data/dspoIIE-ANC.fa,data/dspoIIE-ANC.gff3
SNCt-L2-T10,host,SNCt,L2,T10,dspoIIE-ANC,no_seed_bank,noPhage,revived_total,GSF3121,data/input/fastq/host/GSF3121-SNCt-L2-T10-veg_S47_R1_001.fastq.gz,data/input/fastq/host/GSF3121-SNCt-L2-T10-veg_S47_R2_001.fastq.gz,data/ddup-fastq/host/ddup-GSF3121-SNCt-L2-T10-rV_S47_R1_001.fastq.gz,data/ddup-fastq/host/ddup-GSF3121-SNCt-L2-T10-rV_S47_R2_001.fastq.gz,data/dspoIIE-ANC.fa,data/dspoIIE-ANC.gff3
SNCt-L2-T7,host,SNCt,L2,T7,dspoIIE-ANC,no_seed_bank,noPhage,revived_total,GSF3121,data/input/fastq/host/GSF3121-SNCt-L2-T7-veg_S17_R1_001.fastq.gz,data/input/fastq/host/GSF3121-SNCt-L2-T7-veg_S17_R2_001.fastq.gz,data/ddup-fastq/host/ddup-GSF3121-SNCt-L2-T7-rV_S17_R1_001.fastq.gz,data/ddup-fastq/host/ddup-GSF3121-SNCt-L2-T7-rV_S17_R2_001.fastq.gz,data/dspoIIE-ANC.fa,data/dspoIIE-ANC.gff3
SNCt-L3-T10,host,SNCt,L3,T10,dspoIIE-ANC,no_seed_bank,noPhage,revived_total,GSF3121,data/input/fastq/host/GSF3121-SNCt-L3-T10-veg_S48_R1_001.fastq.gz,data/input/fastq/host/GSF3121-SNCt-L3-T10-veg_S48_R2_001.fastq.gz,data/ddup-fastq/host/ddup-GSF3121-SNCt-L3-T10-rV_S48_R1_001.fastq.gz,data/ddup-fastq/host/ddup-GSF3121-SNCt-L3-T10-rV_S48_R2_001.fastq.gz,data/dspoIIE-ANC.fa,data/dspoIIE-ANC.gff3
SNCt-L3-T7,host,SNCt,L3,T7,dspoIIE-ANC,no_seed_bank,noPhage,revived_total,GSF3121,data/input/fastq/host/GSF3121-SNCt-L3-T7-veg_S18_R1_001.fastq.gz,data/input/fastq/host/GSF3121-SNCt-L3-T7-veg_S18_R2_001.fastq.gz,data/ddup-fastq/host/ddup-GSF3121-SNCt-L3-T7-rV_S18_R1_001.fastq.gz,data/ddup-fastq/host/ddup-GSF3121-SNCt-L3-T7-rV_S18_R2_001.fastq.gz,data/dspoIIE-ANC.fa,data/dspoIIE-ANC.gff3
SNO-L1-T10,host,SNO,L1,T10,dspoIIE-ANC,no_seed_bank,SPO1,revived_total,GSF3121,data/input/fastq/host/GSF3121-SNO-L1-T10-veg_S37_R1_001.fastq.gz,data/input/fastq/host/GSF3121-SNO-L1-T10-veg_S37_R2_001.fastq.gz,data/ddup-fastq/host/ddup-GSF3121-SNO-L1-T10-rV_S37_R1_001.fastq.gz,data/ddup-fastq/host/ddup-GSF3121-SNO-L1-T10-rV_S37_R2_001.fastq.gz,data/dspoIIE-ANC.fa,data/dspoIIE-ANC.gff3
SNO-L1-T7,host,SNO,L1,T7,dspoIIE-ANC,no_seed_bank,SPO1,revived_total,GSF3121,data/input/fastq/host/GSF3121-SNO-L1-T7-veg_S7_R1_001.fastq.gz,data/input/fastq/host/GSF3121-SNO-L1-T7-veg_S7_R2_001.fastq.gz,data/ddup-fastq/host/ddup-GSF3121-SNO-L1-T7-rV_S7_R1_001.fastq.gz,data/ddup-fastq/host/ddup-GSF3121-SNO-L1-T7-rV_S7_R2_001.fastq.gz,data/dspoIIE-ANC.fa,data/dspoIIE-ANC.gff3
SNO-L2-T10,host,SNO,L2,T10,dspoIIE-ANC,no_seed_bank,SPO1,revived_total,GSF3121,data/input/fastq/host/GSF3121-SNO-L2-T10-veg_S38_R1_001.fastq.gz,data/input/fastq/host/GSF3121-SNO-L2-T10-veg_S38_R2_001.fastq.gz,data/ddup-fastq/host/ddup-GSF3121-SNO-L2-T10-rV_S38_R1_001.fastq.gz,data/ddup-fastq/host/ddup-GSF3121-SNO-L2-T10-rV_S38_R2_001.fastq.gz,data/dspoIIE-ANC.fa,data/dspoIIE-ANC.gff3
SNO-L2-T7,host,SNO,L2,T7,dspoIIE-ANC,no_seed_bank,SPO1,revived_total,GSF3121,data/input/fastq/host/GSF3121-SNO-L2-T7-veg_S8_R1_001.fastq.gz,data/input/fastq/host/GSF3121-SNO-L2-T7-veg_S8_R2_001.fastq.gz,data/ddup-fastq/host/ddup-GSF3121-SNO-L2-T7-rV_S8_R1_001.fastq.gz,data/ddup-fastq/host/ddup-GSF3121-SNO-L2-T7-rV_S8_R2_001.fastq.gz,data/dspoIIE-ANC.fa,data/dspoIIE-ANC.gff3
SNO-L3-T10,host,SNO,L3,T10,dspoIIE-ANC,no_seed_bank,SPO1,revived_total,GSF3121,data/input/fastq/host/GSF3121-SNO-L3-T10-veg_S39_R1_001.fastq.gz,data/input/fastq/host/GSF3121-SNO-L3-T10-veg_S39_R2_001.fastq.gz,data/ddup-fastq/host/ddup-GSF3121-SNO-L3-T10-rV_S39_R1_001.fastq.gz,data/ddup-fastq/host/ddup-GSF3121-SNO-L3-T10-rV_S39_R2_001.fastq.gz,data/dspoIIE-ANC.fa,data/dspoIIE-ANC.gff3
SNO-L3-T7,host,SNO,L3,T7,dspoIIE-ANC,no_seed_bank,SPO1,revived_total,GSF3121,data/input/fastq/host/GSF3121-SNO-L3-T7-veg_S9_R1_001.fastq.gz,data/input/fastq/host/GSF3121-SNO-L3-T7-veg_S9_R2_001.fastq.gz,data/ddup-fastq/host/ddup-GSF3121-SNO-L3-T7-rV_S9_R1_001.fastq.gz,data/ddup-fastq/host/ddup-GSF3121-SNO-L3-T7-rV_S9_R2_001.fastq.gz,data/dspoIIE-ANC.fa,data/dspoIIE-ANC.gff3
WLCt-L1-T10,host,WLCt,L1,T10,delta6-ANC,long_seed_bank,noPhage,revived_spore,GSF3121,data/input/fastq/host/GSF3121-WLCt-L1-T10-SB_S55_R1_001.fastq.gz,data/input/fastq/host/GSF3121-WLCt-L1-T10-SB_S55_R2_001.fastq.gz,data/ddup-fastq/host/ddup-GSF3121-WLCt-L1-T10-rS_S55_R1_001.fastq.gz,data/ddup-fastq/host/ddup-GSF3121-WLCt-L1-T10-rS_S55_R2_001.fastq.gz,data/delta6-ANC.fa,data/delta6-ANC.gff3
WLCt-L1-T10,host,WLCt,L1,T10,delta6-ANC,long_seed_bank,noPhage,revived_total,GSF3121,data/input/fastq/host/GSF3121-WLCt-L1-T10-veg_S40_R1_001.fastq.gz,data/input/fastq/host/GSF3121-WLCt-L1-T10-veg_S40_R2_001.fastq.gz,data/ddup-fastq/host/ddup-GSF3121-WLCt-L1-T10-rV_S40_R1_001.fastq.gz,data/ddup-fastq/host/ddup-GSF3121-WLCt-L1-T10-rV_S40_R2_001.fastq.gz,data/delta6-ANC.fa,data/delta6-ANC.gff3
WLCt-L1-T7,host,WLCt,L1,T7,delta6-ANC,long_seed_bank,noPhage,revived_spore,GSF3121,data/input/fastq/host/GSF3121-WLCt-L1-T7-SB_S25_R1_001.fastq.gz,data/input/fastq/host/GSF3121-WLCt-L1-T7-SB_S25_R2_001.fastq.gz,data/ddup-fastq/host/ddup-GSF3121-WLCt-L1-T7-rS_S25_R1_001.fastq.gz,data/ddup-fastq/host/ddup-GSF3121-WLCt-L1-T7-rS_S25_R2_001.fastq.gz,data/delta6-ANC.fa,data/delta6-ANC.gff3
WLCt-L1-T7,host,WLCt,L1,T7,delta6-ANC,long_seed_bank,noPhage,revived_total,GSF3121,data/input/fastq/host/GSF3121-WLCt-L1-T7-veg_S10_R1_001.fastq.gz,data/input/fastq/host/GSF3121-WLCt-L1-T7-veg_S10_R2_001.fastq.gz,data/ddup-fastq/host/ddup-GSF3121-WLCt-L1-T7-rV_S10_R1_001.fastq.gz,data/ddup-fastq/host/ddup-GSF3121-WLCt-L1-T7-rV_S10_R2_001.fastq.gz,data/delta6-ANC.fa,data/delta6-ANC.gff3
WLCt-L2-T10,host,WLCt,L2,T10,delta6-ANC,long_seed_bank,noPhage,revived_spore,GSF3121,data/input/fastq/host/GSF3121-WLCt-L2-T10-SB_S56_R1_001.fastq.gz,data/input/fastq/host/GSF3121-WLCt-L2-T10-SB_S56_R2_001.fastq.gz,data/ddup-fastq/host/ddup-GSF3121-WLCt-L2-T10-rS_S56_R1_001.fastq.gz,data/ddup-fastq/host/ddup-GSF3121-WLCt-L2-T10-rS_S56_R2_001.fastq.gz,data/delta6-ANC.fa,data/delta6-ANC.gff3
WLCt-L2-T10,host,WLCt,L2,T10,delta6-ANC,long_seed_bank,noPhage,revived_total,GSF3121,data/input/fastq/host/GSF3121-WLCt-L2-T10-veg_S41_R1_001.fastq.gz,data/input/fastq/host/GSF3121-WLCt-L2-T10-veg_S41_R2_001.fastq.gz,data/ddup-fastq/host/ddup-GSF3121-WLCt-L2-T10-rV_S41_R1_001.fastq.gz,data/ddup-fastq/host/ddup-GSF3121-WLCt-L2-T10-rV_S41_R2_001.fastq.gz,data/delta6-ANC.fa,data/delta6-ANC.gff3
WLCt-L2-T7,host,WLCt,L2,T7,delta6-ANC,long_seed_bank,noPhage,revived_spore,GSF3121,data/input/fastq/host/GSF3121-WLCt-L2-T7-SB_S26_R1_001.fastq.gz,data/input/fastq/host/GSF3121-WLCt-L2-T7-SB_S26_R2_001.fastq.gz,data/ddup-fastq/host/ddup-GSF3121-WLCt-L2-T7-rS_S26_R1_001.fastq.gz,data/ddup-fastq/host/ddup-GSF3121-WLCt-L2-T7-rS_S26_R2_001.fastq.gz,data/delta6-ANC.fa,data/delta6-ANC.gff3
WLCt-L2-T7,host,WLCt,L2,T7,delta6-ANC,long_seed_bank,noPhage,revived_total,GSF3121,data/input/fastq/host/GSF3121-WLCt-L2-T7-veg_S11_R1_001.fastq.gz,data/input/fastq/host/GSF3121-WLCt-L2-T7-veg_S11_R2_001.fastq.gz,data/ddup-fastq/host/ddup-GSF3121-WLCt-L2-T7-rV_S11_R1_001.fastq.gz,data/ddup-fastq/host/ddup-GSF3121-WLCt-L2-T7-rV_S11_R2_001.fastq.gz,data/delta6-ANC.fa,data/delta6-ANC.gff3
WLCt-L3-T10,host,WLCt,L3,T10,delta6-ANC,long_seed_bank,noPhage,revived_spore,GSF3121,data/input/fastq/host/GSF3121-WLCt-L3-T10-SB_S57_R1_001.fastq.gz,data/input/fastq/host/GSF3121-WLCt-L3-T10-SB_S57_R2_001.fastq.gz,data/ddup-fastq/host/ddup-GSF3121-WLCt-L3-T10-rS_S57_R1_001.fastq.gz,data/ddup-fastq/host/ddup-GSF3121-WLCt-L3-T10-rS_S57_R2_001.fastq.gz,data/delta6-ANC.fa,data/delta6-ANC.gff3
WLCt-L3-T10,host,WLCt,L3,T10,delta6-ANC,long_seed_bank,noPhage,revived_total,GSF3121,data/input/fastq/host/GSF3121-WLCt-L3-T10-veg_S42_R1_001.fastq.gz,data/input/fastq/host/GSF3121-WLCt-L3-T10-veg_S42_R2_001.fastq.gz,data/ddup-fastq/host/ddup-GSF3121-WLCt-L3-T10-rV_S42_R1_001.fastq.gz,data/ddup-fastq/host/ddup-GSF3121-WLCt-L3-T10-rV_S42_R2_001.fastq.gz,data/delta6-ANC.fa,data/delta6-ANC.gff3
WLCt-L3-T7,host,WLCt,L3,T7,delta6-ANC,long_seed_bank,noPhage,revived_spore,GSF3121,data/input/fastq/host/GSF3121-WLCt-L3-T7-SB_S27_R1_001.fastq.gz,data/input/fastq/host/GSF3121-WLCt-L3-T7-SB_S27_R2_001.fastq.gz,data/ddup-fastq/host/ddup-GSF3121-WLCt-L3-T7-rS_S27_R1_001.fastq.gz,data/ddup-fastq/host/ddup-GSF3121-WLCt-L3-T7-rS_S27_R2_001.fastq.gz,data/delta6-ANC.fa,data/delta6-ANC.gff3
WLCt-L3-T7,host,WLCt,L3,T7,delta6-ANC,long_seed_bank,noPhage,revived_total,GSF3121,data/input/fastq/host/GSF3121-WLCt-L3-T7-veg_S12_R1_001.fastq.gz,data/input/fastq/host/GSF3121-WLCt-L3-T7-veg_S12_R2_001.fastq.gz,data/ddup-fastq/host/ddup-GSF3121-WLCt-L3-T7-rV_S12_R1_001.fastq.gz,data/ddup-fastq/host/ddup-GSF3121-WLCt-L3-T7-rV_S12_R2_001.fastq.gz,data/delta6-ANC.fa,data/delta6-ANC.gff3
WLO-L1-T10,host,WLO,L1,T10,delta6-ANC,long_seed_bank,SPO1,revived_spore,GSF3121,data/input/fastq/host/GSF3121-WLO-L1-T10-SB_S49_R1_001.fastq.gz,data/input/fastq/host/GSF3121-WLO-L1-T10-SB_S49_R2_001.fastq.gz,data/ddup-fastq/host/ddup-GSF3121-WLO-L1-T10-rS_S49_R1_001.fastq.gz,data/ddup-fastq/host/ddup-GSF3121-WLO-L1-T10-rS_S49_R2_001.fastq.gz,data/delta6-ANC.fa,data/delta6-ANC.gff3
WLO-L1-T10,host,WLO,L1,T10,delta6-ANC,long_seed_bank,SPO1,revived_total,GSF3121,data/input/fastq/host/GSF3121-WLO-L1-T10-veg_S31_R1_001.fastq.gz,data/input/fastq/host/GSF3121-WLO-L1-T10-veg_S31_R2_001.fastq.gz,data/ddup-fastq/host/ddup-GSF3121-WLO-L1-T10-rV_S31_R1_001.fastq.gz,data/ddup-fastq/host/ddup-GSF3121-WLO-L1-T10-rV_S31_R2_001.fastq.gz,data/delta6-ANC.fa,data/delta6-ANC.gff3
WLO-L1-T7,host,WLO,L1,T7,delta6-ANC,long_seed_bank,SPO1,revived_spore,GSF3121,data/input/fastq/host/GSF3121-WLO-L1-T7-SB_S19_R1_001.fastq.gz,data/input/fastq/host/GSF3121-WLO-L1-T7-SB_S19_R2_001.fastq.gz,data/ddup-fastq/host/ddup-GSF3121-WLO-L1-T7-rS_S19_R1_001.fastq.gz,data/ddup-fastq/host/ddup-GSF3121-WLO-L1-T7-rS_S19_R2_001.fastq.gz,data/delta6-ANC.fa,data/delta6-ANC.gff3
WLO-L1-T7,host,WLO,L1,T7,delta6-ANC,long_seed_bank,SPO1,revived_total,GSF3121,data/input/fastq/host/GSF3121-WLO-L1-T7-veg_S1_R1_001.fastq.gz,data/input/fastq/host/GSF3121-WLO-L1-T7-veg_S1_R2_001.fastq.gz,data/ddup-fastq/host/ddup-GSF3121-WLO-L1-T7-rV_S1_R1_001.fastq.gz,data/ddup-fastq/host/ddup-GSF3121-WLO-L1-T7-rV_S1_R2_001.fastq.gz,data/delta6-ANC.fa,data/delta6-ANC.gff3
WLO-L2-T10,host,WLO,L2,T10,delta6-ANC,long_seed_bank,SPO1,revived_spore,GSF3121,data/input/fastq/host/GSF3121-WLO-L2-T10-SB_S50_R1_001.fastq.gz,data/input/fastq/host/GSF3121-WLO-L2-T10-SB_S50_R2_001.fastq.gz,data/ddup-fastq/host/ddup-GSF3121-WLO-L2-T10-rS_S50_R1_001.fastq.gz,data/ddup-fastq/host/ddup-GSF3121-WLO-L2-T10-rS_S50_R2_001.fastq.gz,data/delta6-ANC.fa,data/delta6-ANC.gff3
WLO-L2-T10,host,WLO,L2,T10,delta6-ANC,long_seed_bank,SPO1,revived_total,GSF3121,data/input/fastq/host/GSF3121-WLO-L2-T10-veg_S32_R1_001.fastq.gz,data/input/fastq/host/GSF3121-WLO-L2-T10-veg_S32_R2_001.fastq.gz,data/ddup-fastq/host/ddup-GSF3121-WLO-L2-T10-rV_S32_R1_001.fastq.gz,data/ddup-fastq/host/ddup-GSF3121-WLO-L2-T10-rV_S32_R2_001.fastq.gz,data/delta6-ANC.fa,data/delta6-ANC.gff3
WLO-L2-T7,host,WLO,L2,T7,delta6-ANC,long_seed_bank,SPO1,revived_spore,GSF3121,data/input/fastq/host/GSF3121-WLO-L2-T7-SB_S20_R1_001.fastq.gz,data/input/fastq/host/GSF3121-WLO-L2-T7-SB_S20_R2_001.fastq.gz,data/ddup-fastq/host/ddup-GSF3121-WLO-L2-T7-rS_S20_R1_001.fastq.gz,data/ddup-fastq/host/ddup-GSF3121-WLO-L2-T7-rS_S20_R2_001.fastq.gz,data/delta6-ANC.fa,data/delta6-ANC.gff3
WLO-L2-T7,host,WLO,L2,T7,delta6-ANC,long_seed_bank,SPO1,revived_total,GSF3121,data/input/fastq/host/GSF3121-WLO-L2-T7-veg_S2_R1_001.fastq.gz,data/input/fastq/host/GSF3121-WLO-L2-T7-veg_S2_R2_001.fastq.gz,data/ddup-fastq/host/ddup-GSF3121-WLO-L2-T7-rV_S2_R1_001.fastq.gz,data/ddup-fastq/host/ddup-GSF3121-WLO-L2-T7-rV_S2_R2_001.fastq.gz,data/delta6-ANC.fa,data/delta6-ANC.gff3
WLO-L3-T10,host,WLO,L3,T10,delta6-ANC,long_seed_bank,SPO1,revived_spore,GSF3121,data/input/fastq/host/GSF3121-WLO-L3-T10-SB_S51_R1_001.fastq.gz,data/input/fastq/host/GSF3121-WLO-L3-T10-SB_S51_R2_001.fastq.gz,data/ddup-fastq/host/ddup-GSF3121-WLO-L3-T10-rS_S51_R1_001.fastq.gz,data/ddup-fastq/host/ddup-GSF3121-WLO-L3-T10-rS_S51_R2_001.fastq.gz,data/delta6-ANC.fa,data/delta6-ANC.gff3
WLO-L3-T10,host,WLO,L3,T10,delta6-ANC,long_seed_bank,SPO1,revived_total,GSF3121,data/input/fastq/host/GSF3121-WLO-L3-T10-veg_S33_R1_001.fastq.gz,data/input/fastq/host/GSF3121-WLO-L3-T10-veg_S33_R2_001.fastq.gz,data/ddup-fastq/host/ddup-GSF3121-WLO-L3-T10-rV_S33_R1_001.fastq.gz,data/ddup-fastq/host/ddup-GSF3121-WLO-L3-T10-rV_S33_R2_001.fastq.gz,data/delta6-ANC.fa,data/delta6-ANC.gff3
WLO-L3-T7,host,WLO,L3,T7,delta6-ANC,long_seed_bank,SPO1,revived_spore,GSF3121,data/input/fastq/host/GSF3121-WLO-L3-T7-SB_S21_R1_001.fastq.gz,data/input/fastq/host/GSF3121-WLO-L3-T7-SB_S21_R2_001.fastq.gz,data/ddup-fastq/host/ddup-GSF3121-WLO-L3-T7-rS_S21_R1_001.fastq.gz,data/ddup-fastq/host/ddup-GSF3121-WLO-L3-T7-rS_S21_R2_001.fastq.gz,data/delta6-ANC.fa,data/delta6-ANC.gff3
WLO-L3-T7,host,WLO,L3,T7,delta6-ANC,long_seed_bank,SPO1,revived_total,GSF3121,data/input/fastq/host/GSF3121-WLO-L3-T7-veg_S3_R1_001.fastq.gz,data/input/fastq/host/GSF3121-WLO-L3-T7-veg_S3_R2_001.fastq.gz,data/ddup-fastq/host/ddup-GSF3121-WLO-L3-T7-rV_S3_R1_001.fastq.gz,data/ddup-fastq/host/ddup-GSF3121-WLO-L3-T7-rV_S3_R2_001.fastq.gz,data/delta6-ANC.fa,data/delta6-ANC.gff3
WSCt-L1-T10,host,WSCt,L1,T10,delta6-ANC,short_seed_bank,noPhage,revived_spore,GSF3121,data/input/fastq/host/GSF3121-WSCt-L1-T10-SB_S58_R1_001.fastq.gz,data/input/fastq/host/GSF3121-WSCt-L1-T10-SB_S58_R2_001.fastq.gz,data/ddup-fastq/host/ddup-GSF3121-WSCt-L1-T10-rS_S58_R1_001.fastq.gz,data/ddup-fastq/host/ddup-GSF3121-WSCt-L1-T10-rS_S58_R2_001.fastq.gz,data/delta6-ANC.fa,data/delta6-ANC.gff3
WSCt-L1-T10,host,WSCt,L1,T10,delta6-ANC,short_seed_bank,noPhage,revived_total,GSF3121,data/input/fastq/host/GSF3121-WSCt-L1-T10-veg_S43_R1_001.fastq.gz,data/input/fastq/host/GSF3121-WSCt-L1-T10-veg_S43_R2_001.fastq.gz,data/ddup-fastq/host/ddup-GSF3121-WSCt-L1-T10-rV_S43_R1_001.fastq.gz,data/ddup-fastq/host/ddup-GSF3121-WSCt-L1-T10-rV_S43_R2_001.fastq.gz,data/delta6-ANC.fa,data/delta6-ANC.gff3
WSCt-L1-T7,host,WSCt,L1,T7,delta6-ANC,short_seed_bank,noPhage,revived_spore,GSF3121,data/input/fastq/host/GSF3121-WSCt-L1-T7-SB_S28_R1_001.fastq.gz,data/input/fastq/host/GSF3121-WSCt-L1-T7-SB_S28_R2_001.fastq.gz,data/ddup-fastq/host/ddup-GSF3121-WSCt-L1-T7-rS_S28_R1_001.fastq.gz,data/ddup-fastq/host/ddup-GSF3121-WSCt-L1-T7-rS_S28_R2_001.fastq.gz,data/delta6-ANC.fa,data/delta6-ANC.gff3
WSCt-L1-T7,host,WSCt,L1,T7,delta6-ANC,short_seed_bank,noPhage,revived_total,GSF3121,data/input/fastq/host/GSF3121-WSCt-L1-T7-veg_S13_R1_001.fastq.gz,data/input/fastq/host/GSF3121-WSCt-L1-T7-veg_S13_R2_001.fastq.gz,data/ddup-fastq/host/ddup-GSF3121-WSCt-L1-T7-rV_S13_R1_001.fastq.gz,data/ddup-fastq/host/ddup-GSF3121-WSCt-L1-T7-rV_S13_R2_001.fastq.gz,data/delta6-ANC.fa,data/delta6-ANC.gff3
WSCt-L2-T10,host,WSCt,L2,T10,delta6-ANC,short_seed_bank,noPhage,revived_spore,GSF3121,data/input/fastq/host/GSF3121-WSCt-L2-T10-SB_S59_R1_001.fastq.gz,data/input/fastq/host/GSF3121-WSCt-L2-T10-SB_S59_R2_001.fastq.gz,data/ddup-fastq/host/ddup-GSF3121-WSCt-L2-T10-rS_S59_R1_001.fastq.gz,data/ddup-fastq/host/ddup-GSF3121-WSCt-L2-T10-rS_S59_R2_001.fastq.gz,data/delta6-ANC.fa,data/delta6-ANC.gff3
WSCt-L2-T10,host,WSCt,L2,T10,delta6-ANC,short_seed_bank,noPhage,revived_total,GSF3121,data/input/fastq/host/GSF3121-WSCt-L2-T10-veg_S44_R1_001.fastq.gz,data/input/fastq/host/GSF3121-WSCt-L2-T10-veg_S44_R2_001.fastq.gz,data/ddup-fastq/host/ddup-GSF3121-WSCt-L2-T10-rV_S44_R1_001.fastq.gz,data/ddup-fastq/host/ddup-GSF3121-WSCt-L2-T10-rV_S44_R2_001.fastq.gz,data/delta6-ANC.fa,data/delta6-ANC.gff3
WSCt-L2-T7,host,WSCt,L2,T7,delta6-ANC,short_seed_bank,noPhage,revived_spore,GSF3121,data/input/fastq/host/GSF3121-WSCt-L2-T7-SB_S29_R1_001.fastq.gz,data/input/fastq/host/GSF3121-WSCt-L2-T7-SB_S29_R2_001.fastq.gz,data/ddup-fastq/host/ddup-GSF3121-WSCt-L2-T7-rS_S29_R1_001.fastq.gz,data/ddup-fastq/host/ddup-GSF3121-WSCt-L2-T7-rS_S29_R2_001.fastq.gz,data/delta6-ANC.fa,data/delta6-ANC.gff3
WSCt-L2-T7,host,WSCt,L2,T7,delta6-ANC,short_seed_bank,noPhage,revived_total,GSF3121,data/input/fastq/host/GSF3121-WSCt-L2-T7-veg_S14_R1_001.fastq.gz,data/input/fastq/host/GSF3121-WSCt-L2-T7-veg_S14_R2_001.fastq.gz,data/ddup-fastq/host/ddup-GSF3121-WSCt-L2-T7-rV_S14_R1_001.fastq.gz,data/ddup-fastq/host/ddup-GSF3121-WSCt-L2-T7-rV_S14_R2_001.fastq.gz,data/delta6-ANC.fa,data/delta6-ANC.gff3
WSCt-L3-T10,host,WSCt,L3,T10,delta6-ANC,short_seed_bank,noPhage,revived_spore,GSF3121,data/input/fastq/host/GSF3121-WSCt-L3-T10-SB_S60_R1_001.fastq.gz,data/input/fastq/host/GSF3121-WSCt-L3-T10-SB_S60_R2_001.fastq.gz,data/ddup-fastq/host/ddup-GSF3121-WSCt-L3-T10-rS_S60_R1_001.fastq.gz,data/ddup-fastq/host/ddup-GSF3121-WSCt-L3-T10-rS_S60_R2_001.fastq.gz,data/delta6-ANC.fa,data/delta6-ANC.gff3
WSCt-L3-T10,host,WSCt,L3,T10,delta6-ANC,short_seed_bank,noPhage,revived_total,GSF3121,data/input/fastq/host/GSF3121-WSCt-L3-T10-veg_S45_R1_001.fastq.gz,data/input/fastq/host/GSF3121-WSCt-L3-T10-veg_S45_R2_001.fastq.gz,data/ddup-fastq/host/ddup-GSF3121-WSCt-L3-T10-rV_S45_R1_001.fastq.gz,data/ddup-fastq/host/ddup-GSF3121-WSCt-L3-T10-rV_S45_R2_001.fastq.gz,data/delta6-ANC.fa,data/delta6-ANC.gff3
WSCt-L3-T7,host,WSCt,L3,T7,delta6-ANC,short_seed_bank,noPhage,revived_spore,GSF3121,data/input/fastq/host/GSF3121-WSCt-L3-T7-SB_S30_R1_001.fastq.gz,data/input/fastq/host/GSF3121-WSCt-L3-T7-SB_S30_R2_001.fastq.gz,data/ddup-fastq/host/ddup-GSF3121-WSCt-L3-T7-rS_S30_R1_001.fastq.gz,data/ddup-fastq/host/ddup-GSF3121-WSCt-L3-T7-rS_S30_R2_001.fastq.gz,data/delta6-ANC.fa,data/delta6-ANC.gff3
WSCt-L3-T7,host,WSCt,L3,T7,delta6-ANC,short_seed_bank,noPhage,revived_total,GSF3121,data/input/fastq/host/GSF3121-WSCt-L3-T7-veg_S15_R1_001.fastq.gz,data/input/fastq/host/GSF3121-WSCt-L3-T7-veg_S15_R2_001.fastq.gz,data/ddup-fastq/host/ddup-GSF3121-WSCt-L3-T7-rV_S15_R1_001.fastq.gz,data/ddup-fastq/host/ddup-GSF3121-WSCt-L3-T7-rV_S15_R2_001.fastq.gz,data/delta6-ANC.fa,data/delta6-ANC.gff3
WSO-L1-T10,host,WSO,L1,T10,delta6-ANC,short_seed_bank,SPO1,revived_spore,GSF3121,data/input/fastq/host/GSF3121-WSO-L1-T10-SB_S52_R1_001.fastq.gz,data/input/fastq/host/GSF3121-WSO-L1-T10-SB_S52_R2_001.fastq.gz,data/ddup-fastq/host/ddup-GSF3121-WSO-L1-T10-rS_S52_R1_001.fastq.gz,data/ddup-fastq/host/ddup-GSF3121-WSO-L1-T10-rS_S52_R2_001.fastq.gz,data/delta6-ANC.fa,data/delta6-ANC.gff3
WSO-L1-T10,host,WSO,L1,T10,delta6-ANC,short_seed_bank,SPO1,revived_total,GSF3121,data/input/fastq/host/GSF3121-WSO-L1-T10-veg_S34_R1_001.fastq.gz,data/input/fastq/host/GSF3121-WSO-L1-T10-veg_S34_R2_001.fastq.gz,data/ddup-fastq/host/ddup-GSF3121-WSO-L1-T10-rV_S34_R1_001.fastq.gz,data/ddup-fastq/host/ddup-GSF3121-WSO-L1-T10-rV_S34_R2_001.fastq.gz,data/delta6-ANC.fa,data/delta6-ANC.gff3
WSO-L1-T7,host,WSO,L1,T7,delta6-ANC,short_seed_bank,SPO1,revived_spore,GSF3121,data/input/fastq/host/GSF3121-WSO-L1-T7-SB_S22_R1_001.fastq.gz,data/input/fastq/host/GSF3121-WSO-L1-T7-SB_S22_R2_001.fastq.gz,data/ddup-fastq/host/ddup-GSF3121-WSO-L1-T7-rS_S22_R1_001.fastq.gz,data/ddup-fastq/host/ddup-GSF3121-WSO-L1-T7-rS_S22_R2_001.fastq.gz,data/delta6-ANC.fa,data/delta6-ANC.gff3
WSO-L1-T7,host,WSO,L1,T7,delta6-ANC,short_seed_bank,SPO1,revived_total,GSF3121,data/input/fastq/host/GSF3121-WSO-L1-T7-veg_S4_R1_001.fastq.gz,data/input/fastq/host/GSF3121-WSO-L1-T7-veg_S4_R2_001.fastq.gz,data/ddup-fastq/host/ddup-GSF3121-WSO-L1-T7-rV_S4_R1_001.fastq.gz,data/ddup-fastq/host/ddup-GSF3121-WSO-L1-T7-rV_S4_R2_001.fastq.gz,data/delta6-ANC.fa,data/delta6-ANC.gff3
WSO-L2-T10,host,WSO,L2,T10,delta6-ANC,short_seed_bank,SPO1,revived_spore,GSF3121,data/input/fastq/host/GSF3121-WSO-L2-T10-SB_S53_R1_001.fastq.gz,data/input/fastq/host/GSF3121-WSO-L2-T10-SB_S53_R2_001.fastq.gz,data/ddup-fastq/host/ddup-GSF3121-WSO-L2-T10-rS_S53_R1_001.fastq.gz,data/ddup-fastq/host/ddup-GSF3121-WSO-L2-T10-rS_S53_R2_001.fastq.gz,data/delta6-ANC.fa,data/delta6-ANC.gff3
WSO-L2-T10,host,WSO,L2,T10,delta6-ANC,short_seed_bank,SPO1,revived_total,GSF3121,data/input/fastq/host/GSF3121-WSO-L2-T10-veg_S35_R1_001.fastq.gz,data/input/fastq/host/GSF3121-WSO-L2-T10-veg_S35_R2_001.fastq.gz,data/ddup-fastq/host/ddup-GSF3121-WSO-L2-T10-rV_S35_R1_001.fastq.gz,data/ddup-fastq/host/ddup-GSF3121-WSO-L2-T10-rV_S35_R2_001.fastq.gz,data/delta6-ANC.fa,data/delta6-ANC.gff3
WSO-L2-T7,host,WSO,L2,T7,delta6-ANC,short_seed_bank,SPO1,revived_spore,GSF3121,data/input/fastq/host/GSF3121-WSO-L2-T7-SB_S23_R1_001.fastq.gz,data/input/fastq/host/GSF3121-WSO-L2-T7-SB_S23_R2_001.fastq.gz,data/ddup-fastq/host/ddup-GSF3121-WSO-L2-T7-rS_S23_R1_001.fastq.gz,data/ddup-fastq/host/ddup-GSF3121-WSO-L2-T7-rS_S23_R2_001.fastq.gz,data/delta6-ANC.fa,data/delta6-ANC.gff3
WSO-L2-T7,host,WSO,L2,T7,delta6-ANC,short_seed_bank,SPO1,revived_total,GSF3121,data/input/fastq/host/GSF3121-WSO-L2-T7-veg_S5_R1_001.fastq.gz,data/input/fastq/host/GSF3121-WSO-L2-T7-veg_S5_R2_001.fastq.gz,data/ddup-fastq/host/ddup-GSF3121-WSO-L2-T7-rV_S5_R1_001.fastq.gz,data/ddup-fastq/host/ddup-GSF3121-WSO-L2-T7-rV_S5_R2_001.fastq.gz,data/delta6-ANC.fa,data/delta6-ANC.gff3
WSO-L3-T10,host,WSO,L3,T10,delta6-ANC,short_seed_bank,SPO1,revived_spore,GSF3121,data/input/fastq/host/GSF3121-WSO-L3-T10-SB_S54_R1_001.fastq.gz,data/input/fastq/host/GSF3121-WSO-L3-T10-SB_S54_R2_001.fastq.gz,data/ddup-fastq/host/ddup-GSF3121-WSO-L3-T10-rS_S54_R1_001.fastq.gz,data/ddup-fastq/host/ddup-GSF3121-WSO-L3-T10-rS_S54_R2_001.fastq.gz,data/delta6-ANC.fa,data/delta6-ANC.gff3
WSO-L3-T10,host,WSO,L3,T10,delta6-ANC,short_seed_bank,SPO1,revived_total,GSF3121,data/input/fastq/host/GSF3121-WSO-L3-T10-veg_S36_R1_001.fastq.gz,data/input/fastq/host/GSF3121-WSO-L3-T10-veg_S36_R2_001.fastq.gz,data/ddup-fastq/host/ddup-GSF3121-WSO-L3-T10-rV_S36_R1_001.fastq.gz,data/ddup-fastq/host/ddup-GSF3121-WSO-L3-T10-rV_S36_R2_001.fastq.gz,data/delta6-ANC.fa,data/delta6-ANC.gff3
WSO-L3-T7,host,WSO,L3,T7,delta6-ANC,short_seed_bank,SPO1,revived_spore,GSF3121,data/input/fastq/host/GSF3121-WSO-L3-T7-SB_S24_R1_001.fastq.gz,data/input/fastq/host/GSF3121-WSO-L3-T7-SB_S24_R2_001.fastq.gz,data/ddup-fastq/host/ddup-GSF3121-WSO-L3-T7-rS_S24_R1_001.fastq.gz,data/ddup-fastq/host/ddup-GSF3121-WSO-L3-T7-rS_S24_R2_001.fastq.gz,data/delta6-ANC.fa,data/delta6-ANC.gff3
WSO-L3-T7,host,WSO,L3,T7,delta6-ANC,short_seed_bank,SPO1,revived_total,GSF3121,data/input/fastq/host/GSF3121-WSO-L3-T7-veg_S6_R1_001.fastq.gz,data/input/fastq/host/GSF3121-WSO-L3-T7-veg_S6_R2_001.fastq.gz,data/ddup-fastq/host/ddup-GSF3121-WSO-L3-T7-rV_S6_R1_001.fastq.gz,data/ddup-fastq/host/ddup-GSF3121-WSO-L3-T7-rV_S6_R2_001.fastq.gz,data/delta6-ANC.fa,data/delta6-ANC.gff3
WLO-L3-T14,phage,WLO,L3,T14,SPO1-ANC,long_seed_bank,SPO1,filtered_phage,GSF2742,data/input/fastq/phage/GSF2742-4-WLO-L3-T14_S42_R1_001.fastq.gz,data/input/fastq/phage/GSF2742-4-WLO-L3-T14_S42_R2_001.fastq.gz,data/ddup-fastq/phage/ddup-GSF2742-4-WLO-L3-T14_S42_R1_001.fastq.gz,data/ddup-fastq/phage/ddup-GSF2742-4-WLO-L3-T14_S42_R2_001.fastq.gz,data/SPO1-ANC.fa,data/SPO1-ANC.gff3
SNO-L3-T14,phage,SNO,L3,T14,SPO1-ANC,no_seed_bank,SPO1,filtered_phage,GSF2795,data/input/fastq/phage/GSF2795-10-SNO-L3-T14_S45_R1_001.fastq.gz,data/input/fastq/phage/GSF2795-10-SNO-L3-T14_S45_R2_001.fastq.gz,data/ddup-fastq/phage/ddup-GSF2795-10-SNO-L3-T14_S45_R1_001.fastq.gz,data/ddup-fastq/phage/ddup-GSF2795-10-SNO-L3-T14_S45_R2_001.fastq.gz,data/SPO1-ANC.fa,data/SPO1-ANC.gff3
WLO-L1-T14,phage,WLO,L1,T14,SPO1-ANC,long_seed_bank,SPO1,filtered_phage,GSF2795,data/input/fastq/phage/GSF2795-2-WLO-L1-T14_S38_R1_001.fastq.gz,data/input/fastq/phage/GSF2795-2-WLO-L1-T14_S38_R2_001.fastq.gz,data/ddup-fastq/phage/ddup-GSF2795-2-WLO-L1-T14_S38_R1_001.fastq.gz,data/ddup-fastq/phage/ddup-GSF2795-2-WLO-L1-T14_S38_R2_001.fastq.gz,data/SPO1-ANC.fa,data/SPO1-ANC.gff3
WLO-L2-T14,phage,WLO,L2,T14,SPO1-ANC,long_seed_bank,SPO1,filtered_phage,GSF2795,data/input/fastq/phage/GSF2795-3-WLO-L2-T14_S39_R1_001.fastq.gz,data/input/fastq/phage/GSF2795-3-WLO-L2-T14_S39_R2_001.fastq.gz,data/ddup-fastq/phage/ddup-GSF2795-3-WLO-L2-T14_S39_R1_001.fastq.gz,data/ddup-fastq/phage/ddup-GSF2795-3-WLO-L2-T14_S39_R2_001.fastq.gz,data/SPO1-ANC.fa,data/SPO1-ANC.gff3
WSO-L1-T14,phage,WSO,L1,T14,SPO1-ANC,short_seed_bank,SPO1,filtered_phage,GSF2795,data/input/fastq/phage/GSF2795-5-WSO-L1-T14_S40_R1_001.fastq.gz,data/input/fastq/phage/GSF2795-5-WSO-L1-T14_S40_R2_001.fastq.gz,data/ddup-fastq/phage/ddup-GSF2795-5-WSO-L1-T14_S40_R1_001.fastq.gz,data/ddup-fastq/phage/ddup-GSF2795-5-WSO-L1-T14_S40_R2_001.fastq.gz,data/SPO1-ANC.fa,data/SPO1-ANC.gff3
WSO-L2-T14,phage,WSO,L2,T14,SPO1-ANC,short_seed_bank,SPO1,filtered_phage,GSF2795,data/input/fastq/phage/GSF2795-6-WSO-L2-T14_S41_R1_001.fastq.gz,data/input/fastq/phage/GSF2795-6-WSO-L2-T14_S41_R2_001.fastq.gz,data/ddup-fastq/phage/ddup-GSF2795-6-WSO-L2-T14_S41_R1_001.fastq.gz,data/ddup-fastq/phage/ddup-GSF2795-6-WSO-L2-T14_S41_R2_001.fastq.gz,data/SPO1-ANC.fa,data/SPO1-ANC.gff3
WSO-L3-T14,phage,WSO,L3,T14,SPO1-ANC,short_seed_bank,SPO1,filtered_phage,GSF2795,data/input/fastq/phage/GSF2795-7-WSO-L3-T14_S42_R1_001.fastq.gz,data/input/fastq/phage/GSF2795-7-WSO-L3-T14_S42_R2_001.fastq.gz,data/ddup-fastq/phage/ddup-GSF2795-7-WSO-L3-T14_S42_R1_001.fastq.gz,data/ddup-fastq/phage/ddup-GSF2795-7-WSO-L3-T14_S42_R2_001.fastq.gz,data/SPO1-ANC.fa,data/SPO1-ANC.gff3
SNO-L1-T14,phage,SNO,L1,T14,SPO1-ANC,no_seed_bank,SPO1,filtered_phage,GSF2795,data/input/fastq/phage/GSF2795-8-SNO-L1-T14_S43_R1_001.fastq.gz,data/input/fastq/phage/GSF2795-8-SNO-L1-T14_S43_R2_001.fastq.gz,data/ddup-fastq/phage/ddup-GSF2795-8-SNO-L1-T14_S43_R1_001.fastq.gz,data/ddup-fastq/phage/ddup-GSF2795-8-SNO-L1-T14_S43_R2_001.fastq.gz,data/SPO1-ANC.fa,data/SPO1-ANC.gff3
SNO-L2-T14,phage,SNO,L2,T14,SPO1-ANC,no_seed_bank,SPO1,filtered_phage,GSF2795,data/input/fastq/phage/GSF2795-9-SNO-L2-T14_S44_R1_001.fastq.gz,data/input/fastq/phage/GSF2795-9-SNO-L2-T14_S44_R2_001.fastq.gz,data/ddup-fastq/phage/ddup-GSF2795-9-SNO-L2-T14_S44_R1_001.fastq.gz,data/ddup-fastq/phage/ddup-GSF2795-9-SNO-L2-T14_S44_R2_001.fastq.gz,data/SPO1-ANC.fa,data/SPO1-ANC.gff3
WLO-L1-T1,phage,WLO,L1,T1,SPO1-ANC,long_seed_bank,SPO1,filtered_phage,GSF2842,data/input/fastq/phage/GSF2842-1-WLO-L1-T1_S44_R1_001.fastq.gz,data/input/fastq/phage/GSF2842-1-WLO-L1-T1_S44_R2_001.fastq.gz,data/ddup-fastq/phage/ddup-GSF2842-1-WLO-L1-T1_S44_R1_001.fastq.gz,data/ddup-fastq/phage/ddup-GSF2842-1-WLO-L1-T1_S44_R2_001.fastq.gz,data/SPO1-ANC.fa,data/SPO1-ANC.gff3
WLO-L1-T4,phage,WLO,L1,T4,SPO1-ANC,long_seed_bank,SPO1,filtered_phage,GSF2842,data/input/fastq/phage/GSF2842-10-WLO-L1-T4_S48_R1_001.fastq.gz,data/input/fastq/phage/GSF2842-10-WLO-L1-T4_S48_R2_001.fastq.gz,data/ddup-fastq/phage/ddup-GSF2842-10-WLO-L1-T4_S48_R1_001.fastq.gz,data/ddup-fastq/phage/ddup-GSF2842-10-WLO-L1-T4_S48_R2_001.fastq.gz,data/SPO1-ANC.fa,data/SPO1-ANC.gff3
WLO-L2-T4,phage,WLO,L2,T4,SPO1-ANC,long_seed_bank,SPO1,filtered_phage,GSF2842,data/input/fastq/phage/GSF2842-11-WLO-L2-T4_S27_R1_001.fastq.gz,data/input/fastq/phage/GSF2842-11-WLO-L2-T4_S27_R2_001.fastq.gz,data/ddup-fastq/phage/ddup-GSF2842-11-WLO-L2-T4_S27_R1_001.fastq.gz,data/ddup-fastq/phage/ddup-GSF2842-11-WLO-L2-T4_S27_R2_001.fastq.gz,data/SPO1-ANC.fa,data/SPO1-ANC.gff3
WLO-L3-T4,phage,WLO,L3,T4,SPO1-ANC,long_seed_bank,SPO1,filtered_phage,GSF2842,data/input/fastq/phage/GSF2842-12-WLO-L3-T4_S49_R1_001.fastq.gz,data/input/fastq/phage/GSF2842-12-WLO-L3-T4_S49_R2_001.fastq.gz,data/ddup-fastq/phage/ddup-GSF2842-12-WLO-L3-T4_S49_R1_001.fastq.gz,data/ddup-fastq/phage/ddup-GSF2842-12-WLO-L3-T4_S49_R2_001.fastq.gz,data/SPO1-ANC.fa,data/SPO1-ANC.gff3
WSO-L1-T4,phage,WSO,L1,T4,SPO1-ANC,short_seed_bank,SPO1,filtered_phage,GSF2842,data/input/fastq/phage/GSF2842-13-WSO-L1-T4_S28_R1_001.fastq.gz,data/input/fastq/phage/GSF2842-13-WSO-L1-T4_S28_R2_001.fastq.gz,data/ddup-fastq/phage/ddup-GSF2842-13-WSO-L1-T4_S28_R1_001.fastq.gz,data/ddup-fastq/phage/ddup-GSF2842-13-WSO-L1-T4_S28_R2_001.fastq.gz,data/SPO1-ANC.fa,data/SPO1-ANC.gff3
WSO-L2-T4,phage,WSO,L2,T4,SPO1-ANC,short_seed_bank,SPO1,filtered_phage,GSF2842,data/input/fastq/phage/GSF2842-14-WSO-L2-T4_S50_R1_001.fastq.gz,data/input/fastq/phage/GSF2842-14-WSO-L2-T4_S50_R2_001.fastq.gz,data/ddup-fastq/phage/ddup-GSF2842-14-WSO-L2-T4_S50_R1_001.fastq.gz,data/ddup-fastq/phage/ddup-GSF2842-14-WSO-L2-T4_S50_R2_001.fastq.gz,data/SPO1-ANC.fa,data/SPO1-ANC.gff3
WSO-L3-T4,phage,WSO,L3,T4,SPO1-ANC,short_seed_bank,SPO1,filtered_phage,GSF2842,data/input/fastq/phage/GSF2842-15-WSO-L3-T4_S53_R1_001.fastq.gz,data/input/fastq/phage/GSF2842-15-WSO-L3-T4_S53_R2_001.fastq.gz,data/ddup-fastq/phage/ddup-GSF2842-15-WSO-L3-T4_S53_R1_001.fastq.gz,data/ddup-fastq/phage/ddup-GSF2842-15-WSO-L3-T4_S53_R2_001.fastq.gz,data/SPO1-ANC.fa,data/SPO1-ANC.gff3
SNO-L1-T4,phage,SNO,L1,T4,SPO1-ANC,no_seed_bank,SPO1,filtered_phage,GSF2842,data/input/fastq/phage/GSF2842-16-SNO-L1-T4_S29_R1_001.fastq.gz,data/input/fastq/phage/GSF2842-16-SNO-L1-T4_S29_R2_001.fastq.gz,data/ddup-fastq/phage/ddup-GSF2842-16-SNO-L1-T4_S29_R1_001.fastq.gz,data/ddup-fastq/phage/ddup-GSF2842-16-SNO-L1-T4_S29_R2_001.fastq.gz,data/SPO1-ANC.fa,data/SPO1-ANC.gff3
SNO-L2-T4,phage,SNO,L2,T4,SPO1-ANC,no_seed_bank,SPO1,filtered_phage,GSF2842,data/input/fastq/phage/GSF2842-17-SNO-L2-T4_S30_R1_001.fastq.gz,data/input/fastq/phage/GSF2842-17-SNO-L2-T4_S30_R2_001.fastq.gz,data/ddup-fastq/phage/ddup-GSF2842-17-SNO-L2-T4_S30_R1_001.fastq.gz,data/ddup-fastq/phage/ddup-GSF2842-17-SNO-L2-T4_S30_R2_001.fastq.gz,data/SPO1-ANC.fa,data/SPO1-ANC.gff3
SNO-L3-T4,phage,SNO,L3,T4,SPO1-ANC,no_seed_bank,SPO1,filtered_phage,GSF2842,data/input/fastq/phage/GSF2842-18-SNO-L3-T4_S31_R1_001.fastq.gz,data/input/fastq/phage/GSF2842-18-SNO-L3-T4_S31_R2_001.fastq.gz,data/ddup-fastq/phage/ddup-GSF2842-18-SNO-L3-T4_S31_R1_001.fastq.gz,data/ddup-fastq/phage/ddup-GSF2842-18-SNO-L3-T4_S31_R2_001.fastq.gz,data/SPO1-ANC.fa,data/SPO1-ANC.gff3
WLO-L1-T7,phage,WLO,L1,T7,SPO1-ANC,long_seed_bank,SPO1,filtered_phage,GSF2842,data/input/fastq/phage/GSF2842-19-WLO-L1-T7_S54_R1_001.fastq.gz,data/input/fastq/phage/GSF2842-19-WLO-L1-T7_S54_R2_001.fastq.gz,data/ddup-fastq/phage/ddup-GSF2842-19-WLO-L1-T7_S54_R1_001.fastq.gz,data/ddup-fastq/phage/ddup-GSF2842-19-WLO-L1-T7_S54_R2_001.fastq.gz,data/SPO1-ANC.fa,data/SPO1-ANC.gff3
WLO-L2-T1,phage,WLO,L2,T1,SPO1-ANC,long_seed_bank,SPO1,filtered_phage,GSF2842,data/input/fastq/phage/GSF2842-2-WLO-L2-T1_S51_R1_001.fastq.gz,data/input/fastq/phage/GSF2842-2-WLO-L2-T1_S51_R2_001.fastq.gz,data/ddup-fastq/phage/ddup-GSF2842-2-WLO-L2-T1_S51_R1_001.fastq.gz,data/ddup-fastq/phage/ddup-GSF2842-2-WLO-L2-T1_S51_R2_001.fastq.gz,data/SPO1-ANC.fa,data/SPO1-ANC.gff3
WLO-L2-T7,phage,WLO,L2,T7,SPO1-ANC,long_seed_bank,SPO1,filtered_phage,GSF2842,data/input/fastq/phage/GSF2842-20-WLO-L2-T7_S32_R1_001.fastq.gz,data/input/fastq/phage/GSF2842-20-WLO-L2-T7_S32_R2_001.fastq.gz,data/ddup-fastq/phage/ddup-GSF2842-20-WLO-L2-T7_S32_R1_001.fastq.gz,data/ddup-fastq/phage/ddup-GSF2842-20-WLO-L2-T7_S32_R2_001.fastq.gz,data/SPO1-ANC.fa,data/SPO1-ANC.gff3
WLO-L3-T7,phage,WLO,L3,T7,SPO1-ANC,long_seed_bank,SPO1,filtered_phage,GSF2842,data/input/fastq/phage/GSF2842-21-WLO-L3-T7_S55_R1_001.fastq.gz,data/input/fastq/phage/GSF2842-21-WLO-L3-T7_S55_R2_001.fastq.gz,data/ddup-fastq/phage/ddup-GSF2842-21-WLO-L3-T7_S55_R1_001.fastq.gz,data/ddup-fastq/phage/ddup-GSF2842-21-WLO-L3-T7_S55_R2_001.fastq.gz,data/SPO1-ANC.fa,data/SPO1-ANC.gff3
WSO-L1-T7,phage,WSO,L1,T7,SPO1-ANC,short_seed_bank,SPO1,filtered_phage,GSF2842,data/input/fastq/phage/GSF2842-22-WSO-L1-T7_S33_R1_001.fastq.gz,data/input/fastq/phage/GSF2842-22-WSO-L1-T7_S33_R2_001.fastq.gz,data/ddup-fastq/phage/ddup-GSF2842-22-WSO-L1-T7_S33_R1_001.fastq.gz,data/ddup-fastq/phage/ddup-GSF2842-22-WSO-L1-T7_S33_R2_001.fastq.gz,data/SPO1-ANC.fa,data/SPO1-ANC.gff3
WSO-L2-T7,phage,WSO,L2,T7,SPO1-ANC,short_seed_bank,SPO1,filtered_phage,GSF2842,data/input/fastq/phage/GSF2842-23-WSO-L2-T7_S56_R1_001.fastq.gz,data/input/fastq/phage/GSF2842-23-WSO-L2-T7_S56_R2_001.fastq.gz,data/ddup-fastq/phage/ddup-GSF2842-23-WSO-L2-T7_S56_R1_001.fastq.gz,data/ddup-fastq/phage/ddup-GSF2842-23-WSO-L2-T7_S56_R2_001.fastq.gz,data/SPO1-ANC.fa,data/SPO1-ANC.gff3
WSO-L3-T7,phage,WSO,L3,T7,SPO1-ANC,short_seed_bank,SPO1,filtered_phage,GSF2842,data/input/fastq/phage/GSF2842-24-WSO-L3-T7_S34_R1_001.fastq.gz,data/input/fastq/phage/GSF2842-24-WSO-L3-T7_S34_R2_001.fastq.gz,data/ddup-fastq/phage/ddup-GSF2842-24-WSO-L3-T7_S34_R1_001.fastq.gz,data/ddup-fastq/phage/ddup-GSF2842-24-WSO-L3-T7_S34_R2_001.fastq.gz,data/SPO1-ANC.fa,data/SPO1-ANC.gff3
SNO-L1-T7,phage,SNO,L1,T7,SPO1-ANC,no_seed_bank,SPO1,filtered_phage,GSF2842,data/input/fastq/phage/GSF2842-25-SNO-L1-T7_S57_R1_001.fastq.gz,data/input/fastq/phage/GSF2842-25-SNO-L1-T7_S57_R2_001.fastq.gz,data/ddup-fastq/phage/ddup-GSF2842-25-SNO-L1-T7_S57_R1_001.fastq.gz,data/ddup-fastq/phage/ddup-GSF2842-25-SNO-L1-T7_S57_R2_001.fastq.gz,data/SPO1-ANC.fa,data/SPO1-ANC.gff3
SNO-L2-T7,phage,SNO,L2,T7,SPO1-ANC,no_seed_bank,SPO1,filtered_phage,GSF2842,data/input/fastq/phage/GSF2842-26-SNO-L2-T7_S35_R1_001.fastq.gz,data/input/fastq/phage/GSF2842-26-SNO-L2-T7_S35_R2_001.fastq.gz,data/ddup-fastq/phage/ddup-GSF2842-26-SNO-L2-T7_S35_R1_001.fastq.gz,data/ddup-fastq/phage/ddup-GSF2842-26-SNO-L2-T7_S35_R2_001.fastq.gz,data/SPO1-ANC.fa,data/SPO1-ANC.gff3
SNO-L3-T7,phage,SNO,L3,T7,SPO1-ANC,no_seed_bank,SPO1,filtered_phage,GSF2842,data/input/fastq/phage/GSF2842-27-SNO-L3-T7_S36_R1_001.fastq.gz,data/input/fastq/phage/GSF2842-27-SNO-L3-T7_S36_R2_001.fastq.gz,data/ddup-fastq/phage/ddup-GSF2842-27-SNO-L3-T7_S36_R1_001.fastq.gz,data/ddup-fastq/phage/ddup-GSF2842-27-SNO-L3-T7_S36_R2_001.fastq.gz,data/SPO1-ANC.fa,data/SPO1-ANC.gff3
WLO-L1-T10,phage,WLO,L1,T10,SPO1-ANC,long_seed_bank,SPO1,filtered_phage,GSF2842,data/input/fastq/phage/GSF2842-28-WLO-L1-T10_S37_R1_001.fastq.gz,data/input/fastq/phage/GSF2842-28-WLO-L1-T10_S37_R2_001.fastq.gz,data/ddup-fastq/phage/ddup-GSF2842-28-WLO-L1-T10_S37_R1_001.fastq.gz,data/ddup-fastq/phage/ddup-GSF2842-28-WLO-L1-T10_S37_R2_001.fastq.gz,data/SPO1-ANC.fa,data/SPO1-ANC.gff3
WLO-L2-T10,phage,WLO,L2,T10,SPO1-ANC,long_seed_bank,SPO1,filtered_phage,GSF2842,data/input/fastq/phage/GSF2842-29-WLO-L2-T10_S38_R1_001.fastq.gz,data/input/fastq/phage/GSF2842-29-WLO-L2-T10_S38_R2_001.fastq.gz,data/ddup-fastq/phage/ddup-GSF2842-29-WLO-L2-T10_S38_R1_001.fastq.gz,data/ddup-fastq/phage/ddup-GSF2842-29-WLO-L2-T10_S38_R2_001.fastq.gz,data/SPO1-ANC.fa,data/SPO1-ANC.gff3
WLO-L3-T1,phage,WLO,L3,T1,SPO1-ANC,long_seed_bank,SPO1,filtered_phage,GSF2842,data/input/fastq/phage/GSF2842-3-WLO-L3-T1_S52_R1_001.fastq.gz,data/input/fastq/phage/GSF2842-3-WLO-L3-T1_S52_R2_001.fastq.gz,data/ddup-fastq/phage/ddup-GSF2842-3-WLO-L3-T1_S52_R1_001.fastq.gz,data/ddup-fastq/phage/ddup-GSF2842-3-WLO-L3-T1_S52_R2_001.fastq.gz,data/SPO1-ANC.fa,data/SPO1-ANC.gff3
WLO-L3-T10,phage,WLO,L3,T10,SPO1-ANC,long_seed_bank,SPO1,filtered_phage,GSF2842,data/input/fastq/phage/GSF2842-30-WLO-L3-T10_S39_R1_001.fastq.gz,data/input/fastq/phage/GSF2842-30-WLO-L3-T10_S39_R2_001.fastq.gz,data/ddup-fastq/phage/ddup-GSF2842-30-WLO-L3-T10_S39_R1_001.fastq.gz,data/ddup-fastq/phage/ddup-GSF2842-30-WLO-L3-T10_S39_R2_001.fastq.gz,data/SPO1-ANC.fa,data/SPO1-ANC.gff3
WSO-L1-T10,phage,WSO,L1,T10,SPO1-ANC,short_seed_bank,SPO1,filtered_phage,GSF2842,data/input/fastq/phage/GSF2842-31-WSO-L1-T10_S40_R1_001.fastq.gz,data/input/fastq/phage/GSF2842-31-WSO-L1-T10_S40_R2_001.fastq.gz,data/ddup-fastq/phage/ddup-GSF2842-31-WSO-L1-T10_S40_R1_001.fastq.gz,data/ddup-fastq/phage/ddup-GSF2842-31-WSO-L1-T10_S40_R2_001.fastq.gz,data/SPO1-ANC.fa,data/SPO1-ANC.gff3
WSO-L2-T10,phage,WSO,L2,T10,SPO1-ANC,short_seed_bank,SPO1,filtered_phage,GSF2842,data/input/fastq/phage/GSF2842-32-WSO-L2-T10_S41_R1_001.fastq.gz,data/input/fastq/phage/GSF2842-32-WSO-L2-T10_S41_R2_001.fastq.gz,data/ddup-fastq/phage/ddup-GSF2842-32-WSO-L2-T10_S41_R1_001.fastq.gz,data/ddup-fastq/phage/ddup-GSF2842-32-WSO-L2-T10_S41_R2_001.fastq.gz,data/SPO1-ANC.fa,data/SPO1-ANC.gff3
WSO-L3-T10,phage,WSO,L3,T10,SPO1-ANC,short_seed_bank,SPO1,filtered_phage,GSF2842,data/input/fastq/phage/GSF2842-33-WSO-L3-T10_S42_R1_001.fastq.gz,data/input/fastq/phage/GSF2842-33-WSO-L3-T10_S42_R2_001.fastq.gz,data/ddup-fastq/phage/ddup-GSF2842-33-WSO-L3-T10_S42_R1_001.fastq.gz,data/ddup-fastq/phage/ddup-GSF2842-33-WSO-L3-T10_S42_R2_001.fastq.gz,data/SPO1-ANC.fa,data/SPO1-ANC.gff3
SNO-L1-T10,phage,SNO,L1,T10,SPO1-ANC,no_seed_bank,SPO1,filtered_phage,GSF2842,data/input/fastq/phage/GSF2842-34-SNO-L1-T10_S58_R1_001.fastq.gz,data/input/fastq/phage/GSF2842-34-SNO-L1-T10_S58_R2_001.fastq.gz,data/ddup-fastq/phage/ddup-GSF2842-34-SNO-L1-T10_S58_R1_001.fastq.gz,data/ddup-fastq/phage/ddup-GSF2842-34-SNO-L1-T10_S58_R2_001.fastq.gz,data/SPO1-ANC.fa,data/SPO1-ANC.gff3
SNO-L2-T10,phage,SNO,L2,T10,SPO1-ANC,no_seed_bank,SPO1,filtered_phage,GSF2842,data/input/fastq/phage/GSF2842-35-SNO-L2-T10_S59_R1_001.fastq.gz,data/input/fastq/phage/GSF2842-35-SNO-L2-T10_S59_R2_001.fastq.gz,data/ddup-fastq/phage/ddup-GSF2842-35-SNO-L2-T10_S59_R1_001.fastq.gz,data/ddup-fastq/phage/ddup-GSF2842-35-SNO-L2-T10_S59_R2_001.fastq.gz,data/SPO1-ANC.fa,data/SPO1-ANC.gff3
SNO-L3-T10,phage,SNO,L3,T10,SPO1-ANC,no_seed_bank,SPO1,filtered_phage,GSF2842,data/input/fastq/phage/GSF2842-36-SNO-L3-T10_S43_R1_001.fastq.gz,data/input/fastq/phage/GSF2842-36-SNO-L3-T10_S43_R2_001.fastq.gz,data/ddup-fastq/phage/ddup-GSF2842-36-SNO-L3-T10_S43_R1_001.fastq.gz,data/ddup-fastq/phage/ddup-GSF2842-36-SNO-L3-T10_S43_R2_001.fastq.gz,data/SPO1-ANC.fa,data/SPO1-ANC.gff3
WSO-L1-T1,phage,WSO,L1,T1,SPO1-ANC,short_seed_bank,SPO1,filtered_phage,GSF2842,data/input/fastq/phage/GSF2842-4-WSO-L1-T1_S24_R1_001.fastq.gz,data/input/fastq/phage/GSF2842-4-WSO-L1-T1_S24_R2_001.fastq.gz,data/ddup-fastq/phage/ddup-GSF2842-4-WSO-L1-T1_S24_R1_001.fastq.gz,data/ddup-fastq/phage/ddup-GSF2842-4-WSO-L1-T1_S24_R2_001.fastq.gz,data/SPO1-ANC.fa,data/SPO1-ANC.gff3
WSO-L2-T1,phage,WSO,L2,T1,SPO1-ANC,short_seed_bank,SPO1,filtered_phage,GSF2842,data/input/fastq/phage/GSF2842-5-WSO-L2-T1_S45_R1_001.fastq.gz,data/input/fastq/phage/GSF2842-5-WSO-L2-T1_S45_R2_001.fastq.gz,data/ddup-fastq/phage/ddup-GSF2842-5-WSO-L2-T1_S45_R1_001.fastq.gz,data/ddup-fastq/phage/ddup-GSF2842-5-WSO-L2-T1_S45_R2_001.fastq.gz,data/SPO1-ANC.fa,data/SPO1-ANC.gff3
WSO-L3-T1,phage,WSO,L3,T1,SPO1-ANC,short_seed_bank,SPO1,filtered_phage,GSF2842,data/input/fastq/phage/GSF2842-6-WSO-L3-T1_S25_R1_001.fastq.gz,data/input/fastq/phage/GSF2842-6-WSO-L3-T1_S25_R2_001.fastq.gz,data/ddup-fastq/phage/ddup-GSF2842-6-WSO-L3-T1_S25_R1_001.fastq.gz,data/ddup-fastq/phage/ddup-GSF2842-6-WSO-L3-T1_S25_R2_001.fastq.gz,data/SPO1-ANC.fa,data/SPO1-ANC.gff3
SNO-L1-T1,phage,SNO,L1,T1,SPO1-ANC,no_seed_bank,SPO1,filtered_phage,GSF2842,data/input/fastq/phage/GSF2842-7-SNO-L1-T1_S46_R1_001.fastq.gz,data/input/fastq/phage/GSF2842-7-SNO-L1-T1_S46_R2_001.fastq.gz,data/ddup-fastq/phage/ddup-GSF2842-7-SNO-L1-T1_S46_R1_001.fastq.gz,data/ddup-fastq/phage/ddup-GSF2842-7-SNO-L1-T1_S46_R2_001.fastq.gz,data/SPO1-ANC.fa,data/SPO1-ANC.gff3
SNO-L2-T1,phage,SNO,L2,T1,SPO1-ANC,no_seed_bank,SPO1,filtered_phage,GSF2842,data/input/fastq/phage/GSF2842-8-SNO-L2-T1_S47_R1_001.fastq.gz,data/input/fastq/phage/GSF2842-8-SNO-L2-T1_S47_R2_001.fastq.gz,data/ddup-fastq/phage/ddup-GSF2842-8-SNO-L2-T1_S47_R1_001.fastq.gz,data/ddup-fastq/phage/ddup-GSF2842-8-SNO-L2-T1_S47_R2_001.fastq.gz,data/SPO1-ANC.fa,data/SPO1-ANC.gff3
SNO-L3-T1,phage,SNO,L3,T1,SPO1-ANC,no_seed_bank,SPO1,filtered_phage,GSF2842,data/input/fastq/phage/GSF2842-9-SNO-L3-T1_S26_R1_001.fastq.gz,data/input/fastq/phage/GSF2842-9-SNO-L3-T1_S26_R2_001.fastq.gz,data/ddup-fastq/phage/ddup-GSF2842-9-SNO-L3-T1_S26_R1_001.fastq.gz,data/ddup-fastq/phage/ddup-GSF2842-9-SNO-L3-T1_S26_R2_001.fastq.gz,data/SPO1-ANC.fa,data/SPO1-ANC.gff3
